Q,A
"이것은 (하나의) 파이이다.  이것은(하나의) 사과이다. 
This is  a pie.   It is  an  apple.

supermarket , a,an, hair, egg","a,an"
"그것에 관하여 말해줘
Tell me all  _______  it.

about, pass, farm, chicken",about
"나비가 마당을 가로질러 펄럭인다.
A butterfly flutters  _______ the yard.

month, across, telephone, march",across
"너는 즉시 행동해야만한다. 
You must be prompt to _______.

danger, act, store, airport",act
"나의 새로운 이메일 주소에 유의하세요,
Please note my new e-mail _______ .

study, door, address, only",address
"나는 너무 두렵다. 
(I'm) _______ so.

afraid, ship, present, visit",afraid
"점심식사 후에 그는 서재로 물러갔다. 
After lunch, he retired to his study.

live, keep, supper, after",after
"화창한 일요일 오후예요. 
It is a nice Sunday _______.

fork, people, afternoon, bag",afternoon
"그는 또 술에 취했다. 
He is lost in the sauce _______.

kind, age, bad, again",again
"그녀는 아주 나이 어린 소녀다. 
She is a girl of tender _______.

age, number, box, excuse",age
"난 한 시간 전에 벌써 옷 다 입었다구. 
I was dressed an hour _______.

orange, rocket, ago, buy",ago
"나는 더러운 공기는 정말 싫어. 
I really hate the dirty _______.

leaf, lot, hate, air",air
"소년이 공항에 있다. 
The boy is at the _______.

airport, drive, old, shoes",airport
"god의 새 음반이 나왔어. 
The new _______ from god just came out.

blow, fine, album, how",album
"누가 우리 모두 중에서 가장 예쁘니? 
Who is the prettiest of us _______?

supermarket , all, great, neck",all
"그는 도로변을 따라 걸었다. 
He walked _______ the side of a way.

air, thank, violin, along",along
"그는 항상 서두른다. 
He is _______ in a hurry.

always, bag, sock, holiday",always
"차가 나무 사이에 있다. 
The car is _______ the trees.

interest, among, start, kid",among
"잠옷을 입고 자라. 
Put on your nightgown _______ go to bed.

earth, subway, peace, and",and
"그녀는 상당히 화가 났다. 
She was _______ more than a little.

angry, child, once, like",angry
"개는 충직한 동물이다 
A dog is a faithful _______.

remember , will, guitar, animal",animal
"적당히 대답을 해 주십시오 
Answer him as you think fit.

answer, dial, about, only",answer
"이것이 어떤 위험도 초래하지 않길 바란다
I hope that it doesn't invite _______ danger.

week, pull, any, lion",any
"우리 아파트는 3층에 있어.
My _______ is on the third floor.

roll, pencil, apartment, picnic",apartment
"여자가 사과를 먹고 있다
The woman is eating an _______.

hear, ask, up, apple",apple
"팔이 부러졌어. 
I have broken my _______.

arm, afraid, problem, a,an",arm
"지구는 태양의 주위를 회전한다
The earth moves _______ the sun.

middle, around, base, tooth",around
"다음 버스가 언제 오죠?
When does the next bus _______?

arrive, stop, brown, god",arrive
"그들은 모두 광대같이 옷을 입고 있었다.
They were all dressed _______ clowns.

great, time, excellent, as",as
"“너 어디 가니?” 그녀가 물었다.
Where are you going?' she _______ed.

ask, down, computer, glad",ask
"배는 부두에 정박해 있다. 
The ship is docking _______ the wharf.

subway, glove, wash, at",at
"나의 숙모는 아주 친절한 분이다. 
My _______ is a very nice lady.

show, sorry, aunt, shower",aunt
"가을에는 바람이 많이 불어요. 
It is windy in the _______.

out, sad, problem, autumn",autumn
"그녀는 해변에서 멀리 떨어진 곳으로 헤엄쳐갔다. 
She swam far _______ from the beach.

fast, remember , grape, away",away
"그들에게 사내 아이가 태어났다 
A boy _______ was born to them.

guitar, small, baby, orange",baby
"등 뒤 단추 좀 채워 줘. 
Do my buttons up in _______.

strong, desk, you, back",back
"그리 나쁜 건 아니네
That's not too _______.

near, then, trip, bad",bad
"책상에 네 가방 내려놓아. 
Put your _______ down on the desk.

breakfast , dance, hope, bag",bag
"공이 바구니 옆에 있다. 
The _______ is next to the basket.

record, mom, listen, ball",ball
"소녀가 풍선을 들고 있다. 
The girl is holding a _______.

together, ink, know, balloon",balloon
"바나나 숲으로 가자! 
Let's go to the _______ woods.

banana, dolphin, bench, red",banana
"나도 밴드에 가입하고 싶다 
I want to join the _______, too.

cold, band, music, dish",band
"이 근처에 은행이 있나요? 
Is there a _______ near here?

now, table, bank, ice",bank
"그 조각상의 토대는 시멘트이다
The _______ of the statue is cement.

bottle, travel, good, base",base
"사과들이 바구니 안에 있다. 
The apples are in a _______.

basket, woman, drive, finger",basket
"소녀가 목욕을 하고 있다. 
The girl is taking a _______.

put, bath, ring, stone",bath
"지각하고 싶지 않아요. 
I don't want to _______ late.

be, war, vacation, coffee",be
"사람들이 해변에 있다. 
The people are at the _______.

o'clock, beach, beside, exercise",beach
"그는 곰 인형을 찾을 수가 없어요. 
He can't find his teddy _______.

bear, war, capital, okay",bear
"음악이 아름다워요. 
The music is _______.

picture, bicycle, usual, beautiful",beautiful
"공상 과학 소설은 아주 재미있기 때문이야. 
Because science fiction is very fun.

because, lesson, cassette, poor",because
"너는 언제 기독교인이 되었니? 
When did you _______ a Christian?

big, for, guitar, become",become
"램프는 침대 옆에 놓여져 있다. 
The lamp is next to the _______.

what, autumn, bed, have",bed
"그 이전에는 어디에 살았어? 
Where did you live _______ that?

birthday, before, begin, robot",before
"도로 공사는 언제 시작되는가? 
When will the road works _______?

need, hear, as, begin",begin
"생쥐가 모자 뒤에 숨었어요. 
The mouse is _______ the hat.

behind, baby, cake, danger",behind
"그녀는 초인종에 손가락을 댔다. 
She touched her finger to the _______.

bell, queen, strike, under",bell
"한 커플이 스탠드 밑에 있다. 
A couple is _______ the stands.

ball, below, count, glad",below
"공원에는 벤치가 없다. 
There's no _______ in the park.

want, pick, bench, beside",bench
"나무 옆에 남자 아이가 있습니까? 
Is there a boy _______ the trees?

supper, act, beside, week",beside
"개는 고양이와 소년 사이에 있다. 
The dog is _______ the cat and the boy.

ice, between, meter, grandmother ",between
"남자가 자전거를 타고 있다. 
A man is riding a _______.

nose, picture, as, bicycle",bicycle
"코끼리는 (몸집이) 큰 동물이에요. 
An elephant is a _______ animal.

sweet, big, need, have",big
"하늘에는 새가 없다. 
There is no _______ in the sky.

bird, shoulder   , return, flag",bird
"This very day is my birthday.
This very day is my _______.

shout, birthday, spend, service",birthday
"검정색 드레스는 어때요? 
Why not wear the _______ dress?

banana, shop, wear, black",black
"깃발이 바람에 휘날린다 
The flags _______ in the wind.

noise, blow, winter, cream",blow
"이 파란색 치마는 얼마예요?
How much is this _______ skirt?

blue, ball, matter, find",blue
"그것은 일종의 판을 이용하는 놀이다
It's a kind of _______ game.

book, board, sad, drink",board
"보트 안에 두 명이 있다. 
Two people are in the _______.

sure, word, boat, hen",boat
"그녀는 몸과 마음이 다 같이 아팠다. 
She ached in _______ and mind.

body, family, switch, today",body
"   책이 가위 옆에 있다. 
The _______ is next to the scissors.

candy, carry, change, book",book
"   병에 잉크가 조금밖에 없다 
There is little ink in the _______.

try, beach, quick, bottle",bottle
"의자 위에 어항이 있다. 
The fish _______ is on the chair.

yellow, shower, picnic, bowl",bowl
"로봇이 상자 옆에 있다. 
The robot is next to the _______.

box, as, box, sweet",box
"소년이 공항에 있다. 
The _______ is at the airport.

chopstick , dance, office, boy",boy
"여자가 빵을 굽고 있다. 
The woman is baking the _______.

thank, bridge, fast, bread",bread
"우리는 전통을 깨뜨리고 싶지는 않아요. 
We don't want to _______ tradition

break, fun, stamp, city",break
"아침 식사 시간은 7시이다 
Our _______hour is at seven o'clock.

south, breakfast , follow, bag",breakfast 
"한강 대교는 길이가 얼마나 됩니까? 
How long is the Han River Bridge?

market, bridge, stupid, together",bridge
"쾌활한 소녀네! 
What a _______ and breezy girl!

cap, soccer, bright, hold",bright
"커피 한 잔 갖다주세요. 
Please _______ me a cup of coffee.

parent, pretty, wood, bring",bring
"동생에게 잘하렴. 
Be nice to your little _______.

brother, poster, sports, cloud",brother
"린다는 갈색 셔츠를 입고 있다. 
Linda is wearing a _______ shirt.

surprise, by, brown, till",brown
"나는 하루에 세 번 이를 닦는다. 
I _______ my teeth three times a day

out, drop, brush, swim",brush
"이 책상은 나무로 만들어졌다. 
This desk _______ up into wood.

yesterday , build, hold, angry",build
"이것이 타지 않게 조심해
Be careful not to _______ it.

oh, curtain, burn, full",burn
"버스가 코너를 돌고 있다. 
The _______ is turning the corner.

be, think, umbrella, bus",bus
"고맙지만, 나는 매우 바쁘다. 
Thanks, but I am pretty _______.

feel, busy, lake, dream",busy
"하고는 싶지만, 너무 졸려. 
I'd love to, _______ I feel too sleepy.

over, calendar, help, but",but
"식빵 위에 버터를 바른다. 
Spread the _______ on the bread.

through, butter, shape, how",butter
"텔레비전의 전원 버튼을 누르세요. 
Push the power _______ on the TV.

balloon, button, leg, horse",button
"아이스크림 좀 사 드릴까요? 
May I _______ you some ice cream?

shape, gas, buy, police",buy
"시내가 우리집 옆을 흐른다. 
A brook streams _______ our house.

by, welcome, wrong, wing",by
"안녕히 가십시오 
Good-_______.

bye, size, name, hear",bye
"남자가 달력 위에 뭔가를 쓰고 있다. 
The man is writing on the _______.

calendar, party, sheet, cut",calendar
"그 치즈 케이크는 달지 않다.
This cheese _______ is not sweet.

till, surprise, tea, cake",cake
"내가 의사를 부를게. 
I'll _______ a doctor.

plane, up, call, bed",call
"카메라가 컴퓨터 위에 있다. 
The _______ is on the computer.

car, strawberry, eraser, camera",camera
"애들은 캠프에서 즐겁게 시간을 보내고 있다 
Children are having fun at the _______.

taste, camp, hand, slow",camp
"이 자켓을 입어봐도 돼요? 
Can I try on this jacket?

red, fair, woman, can",can
"탁자 위에 초가 있다. 
There is a _______ on the table.

tiger, pocket, candle, young",candle
"사탕을 왜 그렇게 많이 먹어요? 
Why do you eat so much _______?

below, hospital, candy, how",candy
"소년이 모자를 쓰고 있다. 
The boy is wearing a _______.

garden, cap, mirror, become",cap
"파리는 프랑스의 수도이다. 
Paris is the _______ of France.

sky, kill, bowl, capital",capital
"그 남자는 배의 선장이다. 
The man is the _______ of the ship

captain, as, count, shower",captain
"남자들이 차에 타고 있다. 
The men are riding in a _______.

car, skate, water, short",car
"내일 그에게 카드를 보낼거야. 
I'll send him a _______ tomorrow.

card, hiking, set, I",card
"난 네가 뭐라해도 상관없어. 
I don't _______ what you say.

noise, care, speed, Miss",care
"그는 그 상자를 옳길 만큼 힘이 세다. 
He is strong enough to _______ the box.

pink, ribbon, taste, carry",carry
"그런 경우가 많기는 하지만 항상 그런 것은 아닙니다. 
That’s often the _______, but not always.

may, wide, go, case",case
"그는 카세트에 돈을 치렀다. 
He paid over to the _______.

game, job, tie, cassette",cassette
"고양이가 소파 옆에 있다. 
The _______ is next to the sofa.

tell, office, cat, captain",cat
"공이 다시 튀어올 때 잡아라. 
Catch the ball on the rebound.

cold, catch, run, afternoon",catch
"이 방은 천장이 낮다 
This room has a low _______.

mad, ceiling, problem, milk",ceiling
"덴버시의 중앙에 위치에 있습니다. 
In the _______ of downtown Denver.

center, yesterday , will, come",center
"안락의자 하나를 사고 싶어요. 
I want to buy an easy _______.

left, rocket, capital, chair",chair
"분필 한 개를 갖다 주세요. 
Bring me a piece of _______.

yes, fork, then, chalk",chalk
"기회를 잡아야겠다고 생각했어요. 
I thought I'd take a _______.

run, chance, corner, build",chance
"바뀐 주소에 유의하세요. 
Please note our _______ of address.

low, hit, change, pay",change
"그것들은 텔레비전만큼 값이 싸다.
They are as _______ as a television.

cheap, box, leave, strong",cheap
"그 치즈 케이크는 달지 않다.
This _______ cake is not sweet.

pay, cheese, print, time",cheese
"피자를 드시겠어요, 닭고기를 드시겠어요? 
Do you like pizza or _______?

beautiful, chicken, fine, hill",chicken
"참 귀찮은 애로군! 
What a worry the _______ is!

egg, smile, ride, child",child
"그들은 밥을 먹기 위해 젓가락을 사용한다. 
They use _______to eat rice.

answer, chopstick , famous, fact",chopstick 
"언덕 위에 교회가 하나 있다. 
There is a _______ on the hill

butter, church, village, candy",church
"소녀가 원을 그리고 있다. 
The girl is drawing a _______.

skate, food, circle, thousand",circle
"나는 도시에서 살기가 싫다 
I do not like living in the _______.

before, city, by, beach",city
"한 반에 몇 명이 있죠? 
How many people are there in a _______?

fine, class, roll, classmate",class
"그녀의 반 친구들 모두 아주 슬폈어요.
All of her _______s were very sad.

only, center, classmate, ticket",classmate
"그는 방을 깨끗하게 치우기로 했다. 
He decided to _______ his room.

square, clean, short, return",clean
"그 언덕은 오르기 힘들다. 
The hill is hard to _______.

climb, green, hen, low",climb
"이 시계는 10 분 빠르다.
This _______ is ten minutes fast.

make, great, clock, storm",clock
"오늘 몇 시에 문 닫죠? 
What time do you _______ today?

close, hard, pretty, tired",close
"대부분의 사람들에게는 옷이 거의 없었다. 
Most people had very few _______.

welcome, clothes, tooth, family",clothes
"구름 한 점 보이지 않는다 
Not a _______ is in sight.

then, hit, cloud, word",cloud
"저는 그 테니스 클럽 회원이에요. 
I'm a part of the tennis _______.

soup, cousin, club, yeah",club
"소년이 코트를 사고 있다
The boy is buying a _______.

age, earth, sure, coat",coat
"커피에 벌레가 들어 있어요! 
There is a bug in my _______!

low, coffee, quick, fine",coffee
"소년이 동전을 집어 올리고 있다. 
The boy is picking up a _______.

coin, pink, need, door",coin
"오늘은 춥지가 않군요, 그렇죠? 
It's not _______ today, is it?

what, temple, nice, cold",cold
"색이 정말 너무 아름다워요! 
The _______ is just so beautiful!

ribbon, color, let, fill",color
"몇 분 후에 다시 와주세요. 
Please _______ back in a few minutes

come, morning, now, hear",come
"여기 있는 컴퓨터 잠시 좀 써도 될까요? 
May I use this _______ for a while?

bottle, table, computer, finish",computer
"저 요리 못하는거 아시잖아요. 
You know I'm a poor _______.

cook, market, gate, warm",cook
"날씨가 매우 서늘했다. 
The weather was nice and _______.

tomorrow, snow, cool, card",cool
"이것은 유명한 그림의 복사본이다. 
This is a _______ of a famous picture.

care, copy, table, taxi",copy
"버스가 코너를 돌고 있다. 
The bus is turning the _______.

yesterday , join, it, corner",corner
"열 셀 동안 입을 다물어라 
Hold mouth shut for a _______ of ten.

here, just, loud, count",count
"그 나라는 축구에 열광적이다. 
The _______ has a mania for soccer.

bath, country, hear, stupid",country
"식사의 주요 코스는 구운 쇠고기였다 
The main _______ was roast beef.

they, course, table, kitchen",course
"에이미, 이쪽은 내 사촌 톰이야. 
Amy, this is my _______, Tom.

cousin, basket, around, lesson",cousin
"그 음식에 덮개를 덮어 주세요. 
Please put a _______ over the food.

floor, hold, cover, poor",cover
"소 한 마리가 말을 쫓아 달려요. 
A _______ runs after the horse.

cow, cover, nose, you",cow
"소녀가 크레용을 던지고 있다. 
The girl is throwing a _______.

star, crayon, okay, moon",crayon
"아이스크림 좀 사 드릴까요? 
May I buy you some ice _______?

apple, cream, mirror, drink",cream
"푸른색 깃발을 가져다 주세요. 
Bring the blue flag to me.

lip, stand, cross, wide",cross
"울지 마라. 
Don't _______.

day, now, cry, shirt",cry
"커피 한 잔 갖다주세요. 
Please bring me a _______ of coffee.

pig, desk, cup, ago",cup
"양탄자와 커튼이 잘 어울린다 
The carpet and _______ are a good match.

cook, soccer, small, curtain",curtain
"파이를 반으로 잘라 맛있게 먹는다. 
Cut the pie in half and enjoy it.

cut, show, present, fair",cut
"아버지가 입원 중이다. 
My _______ is in the hospital.

fine, make, dad, follow",dad
"저는 춤을 출 줄 몰라요. 
I don't know how to _______.

cheese, dance, dial, noise",dance
"위험에 대해 경고받았다 
I was warned of the _______.

handle, danger, stay, breakfast ",danger
"머지않아 어두워질 것이다. 
It will be _______ before long

arm, dark, big, cassette",dark
"우린 아직 날짜를 잡지 않았어요. 
We haven’t set a _______ yet.

now, date, play, as",date
"넌 내 딸이 아니야. 
You are not my daughter.

hear, now, tell, daughter ",daughter 
"그는 낮에 자고 밤에 일한다. 
He sleeps by _______ and works by night.

good, set, up, day",day
"오누이가 둘다 죽었다. 
Both brother and sister are _______.

rocket, set, dead, stamp",dead
"사랑이란 바다만큼 깊은 것. 
Love is as _______ as the ocean.

she, deep, radio, pilot",deep
"넌 나한테 너무나 소중한 존재야. 
You are so _______ to my heart.

dirty, dear, gentle, copy",dear
"책상 위에 연필이 네 자루 있다. 
There are four pencils on the _______.

umbrella, desk, paint, poster",desk
"신호음이 들리지 않는다 
I don't get a _______ tone.

north, how, dial, size",dial
"그 일기는 내 여동생이 썼다. 
The _______ was written by my sister.

truck, diary, matter, girl",diary
"나는 탁상용 사전이 있다. 
I have a desk top _______.

color, noisy, dictionary, gate",dictionary
"나는 그가 죽지 않기를 바래요. 
I hope he will not _______.

tie, die, fork, matter",die
" 이건 정말 훌륭한 저녁식사입니다
This is a really great _______.

give, shut, dinner, hen",dinner
"나는 더러운 공기는 정말 싫어. 
I really hate the _______ air.

dirty, eat, away, family",dirty
"이 그릇은 잘 씻기지 않는다 
This _______ does not wash well.

below, top, key, dish",dish
"학생들은 하고 싶은 일이 많다. 
Students want to _______ many things.

noisy, ground, bell, do",do
"우리 삼촌은 유명한 의사예요. 
My uncle is a famous _______.

doctor, eraser, shoes, river",doctor
"나의 개가 없어진 가방을 찾아냈다. 
My _______ nosed out my lost bag.

dog, hole, number, cry",dog
"인형이 책상 뒤에 있다. 
The _______ is behind the desk.

doll, fat, once, holiday",doll
"100만불은 막대한 돈이다 
A million _______ is a mint of money.

dollar, out, party, summer",dollar
"돌고래는 사람을 무서워하지 않는다. 
A _______ isn't afraid of men.

fly, fat, dolphin, plane",dolphin
"치마가 문에 걸렸다. 
The skirt caught in a _______.

door, danger, moon, soccer",door
"우리는 저 아래 강 옆에서 만났어요.
We met _______ by the river.

kitchen, lie, paper, down",down
"실물 그대로 그려라. 
Draw a picture true to nature.

touch, wing, draw, across",draw
"제 꿈은 변호사가 되는 거예요. 
My _______ is to become a lawyer.

great, must, dream, supermarket ",dream
"저 이 옷 입은 거 어때요? 
How do I look in this _______?

people, butter, rock, dress",dress
"차가운 것 좀 마실래? 
Would you like something cold to _______?

family, telephone, over, drink",drink
"여기서는 트럭을 운전할 수 없어. 
You must not _______ a truck here.

surprise, drive, free, easy",drive
"그녀가 물방물을 흘렸다. 
She spilled a _______ of water.

clean, than, when, drop",drop
"남자가 북을 치고 있다. 
The man is beating a _______.

drum, pair, temple, lamp",drum
"이 수건으로 물을 닦으세요. 
Please _______ yourself with this towel.

dry, son, any, television",dry
"우린 오리를 보고 있어요. 
We are looking at the _______.

of, duck, fish, soft",duck
"그는 한쪽 귀가 안 들린다 
He is deaf of one _______.

know, sheet, ear, score",ear
"일찍 자고, 일찍 일어나기. 
Early to bed, _______ to rise.

fill, early, eye, tired",early
"지구는 태양의 둘레를 돈다. 
The _______ travels round the sun.

earth, weak, bath, wing",earth
"해는 동쪽에서 뜬다. 
The sun rises in the _______.

when, strong, card, east",east
"그 일은 보기에는 매우 쉬워 보인다. 
That work is very _______ as it seems.

key, push, easy, she",easy
"점심에 무엇을 먹었니? 
What did you _______ for lunch?

eat, with, hundred, hospital",eat
"비상금에는 손대고 싶지 않아요. 
I don't want to touch our nest _______.

hole, egg, marry, wait",egg
"방안에 빈 좌석이 많다. 
There are many _______ seats in the room.

watch, empty, foot, stick",empty
"휴가가 끝나가고 있다. 
The holidays are drawing to an _______.

corner, end, talk, pay",end
"엔진에서 연기가 나고 있다. 
Smoke is coming out of the _______.

hundred, jungle, engine, coin",engine
"그러나, 나는 연극을 즐기지 못했다. 
However, I did not _______ it.

enjoy, shirt, day, great",enjoy
"그걸 살 만한 돈이 충분하지 않아요. 
I don't have _______ money to buy it.

along, he, till, enough",enough
"지우개 몇 개를 가지고 있니? 
How many _______s do you have?

teach, often, eraser, till",eraser
"너무 즐거운 저녁이었어요. 
It was such an exciting _______.

well, evening, kick, break",evening
"모든 만화 영화는 생각에서 시작됩니다
Every cartoon begins with an idea.

salt, every, lake, post",every
"그녀는 우리 모두에게 빛나는 본보기이다. 
She is a shining _______ to us all.

boy, example, weak, person",example
"난 그게 정말 멋지다고 생각해.
I think it really is _______.

or, deep, excellent, king",excellent
"아주 재미있는 댄스 게임이야. 
It's a very exciting dance game.

key, clock, dollar, excite",excite
"제 부주의를 용서해 주십시오. 
Please _______ me for being careless.

moon, juice, glass, excuse",excuse
"그녀는 운동을 하려고 걷는 것을 좋아한다. 
She likes to walk for _______.

heavy, supermarket , evening, exercise",exercise
"그는 한쪽 눈이 보이지 않는다. 
He is blind in one _______.

eye, window, bear, hard",eye
"오늘 아침엔 그와 얼굴을 마주치고 싶지 않은데. 
I hate to _______ him this morning.

ready, forget, face, make",face
"옳건 옳지 않건 그것은 사실이다. 
Right or not, it is a _______.

center, dream, money, fact",fact
"나는 공정한 대우를 받고 싶다 
I want to receive _______ treatment.

hit, welcome, ship, fair",fair
"서울의 가을은 너무 멋지지 않아요? 
Don't you love Seoul in the _______?

fun, blow, fall, at",fall
"위층에 한 가구가 살고 있다. 
A _______ lives on the floor above.

hamburger, family, taxi, mouth",family
"나는 집에서 멀리 떨어져 산다. 
I live _______ away from home.

feel, true      , far, taste",far
"그는 그의 농장에서 열심히 일했다. 
He worked hard on his _______.

air, farm, okay, airport",farm
"이 시계는 10분 빠릅니다. 
This clock is ten minutes _______.

bank, fast, here, wait",fast
"저 쪽에 뚱뚱한 남자가 누구죠? 
Who's that _______ man over there?

flag, follow, queen, fat",fat
"우리 삼촌은 유명한 의사예요. 
My uncle is a _______ doctor.

sister, gas, month, famous",famous
"나는 아버지처럼 부지런하고 싶어요. 
I want to be diligent like my _______.

apple, father, base, stay",father
"이렇게 늦은 밤이면, 난 너무나 외로움을 느낀다. 
At this time of night, I _______ so alone.

dear, up, poor, feel",feel
"그는 사나흘 있으면 돌아올 것이다 
He will be back in a _______ days.

by, few, evening, which",few
"농부가 들에서 일합니다. 
The farmer works in the _______.

field, full, pen, front",field
"집사람하고 또 싸웠어요. 
I had a _______ with my wife again.

what, violin, leaf, fight",fight
"그릇을 얼음물로 채워라. 
Fill a bowl with ice water.

fill, guitar, dark, party",fill
"그 영화는 프랑스에서 촬영됐다. 
The _______ was shot in France.

test, house, only, film",film
"내려가는 에스컬레이터를 찾을 수가 없군요. 
I can't _______ the down escalator.

find, word, full, base",find
"날씨가 청랑하다 
The weather is _______.

rest, other, heavy, fine",fine
"손가락이 문에 끼었다. 
I caught my _______ in the door.

finger, jump, listen, thank",finger
"보고서를 언제 끝낼 거죠? 
When will you _______ your report?

orange, birthday, finish, usual",finish
"불 피는 거 좀 도와주시겠습니까? 
Would you like help with the _______?

sea, fire, boy, kind",fire
"어항이 의자 위에 있다. 
The _______ bowl is on the chair.

button, thin, season, fish",fish
"내 생각은, 우리는 저것을 고쳐야 해. 
I think we can _______ that.

fool, fix, smoke, coffee",fix
"남자는 기를 올리고 있다. 
The man is raising the _______.

store, not, welcome, flag",flag
"나는 바닥을 쓸고 싶어. 
I'd like to sweep the _______.

care, interest, who, floor",floor
"저 꽃가게는 너무 비싸. 
That _______ shop is too expensive.

story, flower, post, wall",flower
"“내가 너한테 나는 법을 가르쳐 주지.” 여우가 말해요. 
“I’ll teach you how to _______,” says the fox.

rocket, house, fly, turn",fly
"저는 유행을 쫓지(따라가지) 않습니다. 
I don't _______ the trends in fashion.

move, follow, child, sand",follow
"음식이 맛있으면 좋겠다. 
I hope the _______ is nice.

river, food, white, then",food
"저런 바보는 전 세계에도 없을 것이다 
He is the biggest _______ on earth.

print, pine, fool, band",fool
"발을 밟아 죄송합니다. 
I'm sorry that I stepped on your _______.

foot, bridge, gray, violin",foot
"그녀는 한 달 동안 아팠다. 
She fell ill _______ a month.

but, late, for, friend",for
"잊지 말고 편지하시오 
Don't _______ to write the letter.

desk, week, forget, stone",forget
"내게 포크를 하나 더 갖다 주시겠어요? 
Can I have another _______, please?

fork, act, bridge, finish",fork
"오늘 점심에 시간 있어요? 
Are you _______ for lunch today?

set, free, act, camera",free
"남쪽으로부터 신선한 바람이 불겠습니다. 
There will be a _______ wind from south.

balloon, way, fresh, computer",fresh
"어려울 때 친구가 참된 친구다 
A _______ in need is a _______ indeed.

who, friend, spring, sing",friend
"공항은 여기서 좀 멀어요. 
The airport is some distance _______ here.

child, luck, from, side",from
"그는 현관에 있다. 
He is at the _______ door.

green, front, blue, sing",front
"여자는 과일을 사고 있다. 
The woman is shopping for _______.

thing, score, fruit, why",fruit
"바구니에 사과가 하나 가득하다 
The basket is _______ of apples.

afraid, circle, full, tennis",full
"파티가 너무 재미있다. 
The party is a lot of _______.

he, fun, cool, season",fun
"TV에 나오는 야구 경기를 보고 있어. 
I'm watching a baseball _______ on TV.

dollar, game, arrive, hole",game
"남자가 정원 안에 있다. 
The man is in the _______.

get, garden, camp, ring",garden
"이 차는 휘발유를 많이 잡아먹는다 
This car uses a lot of _______

stair, tree, gas, hungry",gas
"문 앞에 어린 소년이 와 있어요. 
There is a young boy at the _______.

gate, smoke, bear, arm",gate
"그 애는 똑똑하고, 점잖기까지 해요. 
He is also smart and _______.

gentle, city, across, note",gentle
"그 돈을 돌려받지 못했다. 
I didn't _______ the money back.

follow, get, introduce, land",get
"소녀는 배를 밀고 있다. 
The _______ is pushing the boat.

storm, tell, girl, may",girl
"몇 분 만 시간을 더 주세요. 
Give me a few more minutes, please.

give, she, green, camera",give
"만나뵙게 되어 반갑습니다
I'm _______ to meet you.

glad, rock, put, bear",glad
"물 한 잔 따라주시겠어요? 
Would you pour me a _______ of water?

glass, money, often, rainbow",glass
"소년은 장갑을 끼고 있다. 
The boy is wearing a _______.

glove, short, break, mom",glove
"춥건 아니건, 우리는 스키 타러 갈 것이다. 
Cold or no, we'll _______ skiing.

go, as, wait, high",go
"하나님께 기도해 본 적 있니?
Do you ever pray to God?

parent, hotel, god, copy",god
"이 왕관은 금으로 만들었어요. 
This crown is made of _______.

or, ice, station, gold",gold
"냄새 참 좋은데요. 무슨 냄새지요? 
That smells _______! What is it?

good, why, address, little",good
"그녀의 할머니는 귀가 어두우시다. 
할머니  Her _______is hard of hearing.

space, god, grandmother , camera",grandmother 
"이 포도는 달콤새콤하다 
These _______s taste sweet and sour.

ma'am, how, grape, board",grape
"사람들이 잔디에서 뛰고 있다. 
People are jumping on the _______.

score, smile, grass, library",grass
"하늘이 잿빛일 때 나는 기분이 우울해진다. 
I feel blue when the sky is _______.

ceiling, gray, dirty, how",gray
"그는 후에 큰사람이 되었다 
He became a _______ man later on.

great, begin, fat, know",great
"우리는 푸른 나무로 둘러쌓였다. 
We are surrounded with _______ trees.

pool, green, interest, pull",green
"땅에 지갑이 떨어져 있다. 
There is a wallet on the _______.

ground, like, teach, have",ground
"그룹은 출발할 준비가 되어 있다. 
The _______ was ready for off.

road, do, every, group",group
"나무의 뿌리는 땅 속에서 자란다. 
The roots of trees _______ in the earth

grow, chopstick , milk, out",grow
"남자가 해변에서 기타를 연주하고 있다. 
A man is playing a _______ on a beach.

wide, guitar, fool, on",guitar
"나는 다른 머리 색깔을 원합니다. 
I'd like a different _______ color.

hair, many, field, person",hair
"그는 반은 사람이고 반은 야수다.
He is _______ man and _______ beast.

wake, smell, study, half",half
"회관에 사람이 많이 들어섰다 
The _______ was crowded with people.

hall, listen, interest, down",hall
"남자가 햄버거를 먹고있다. 
The man is eating a _______.

song, dish, shut, hamburger",hamburger
"소년은 불쑥 손을 내밀었다. 
The boy shot his _______ out.

hand, study, black, Miss",hand
"풀밭에 핸들이 있다. 
The _______ is on the grass.

front, feel, airport, handle",handle
"그 사고는 몇 시에 일어났죠? 
What time did the accident _______?

happen, bus, car, empty",happen
"부자가 반드시 행복한 것은 아니다 
The rich are not necessarily _______.

sweet, yellow, happy, shoulder   ",happy
"그는 그의 농장에서 열심히 일했다. 
He worked _______ on his farm.

hard, sound, weak, queen",hard
"생쥐가 모자 뒤에 숨었어요. 
The mouse is behind the _______.

by, hat, chopstick , full",hat
"나는 이 두꺼운 코트를 입는 것을 싫어한다. 
I _______ to wear this thick coat.

telephone, ground, hate, kick",hate
"난 아직도 더 돈이 있다
I _______ money more and yet more.

skate, have, burn, fly",have
"그가 혼자 있고 싶다고 말했어요. 
He said _______ wanted to be alone.

chair, dead, he, bell",he
"그녀는 넘어져서 머리를 다쳤다. 
She fell and hurt her _______.

head, clothes, violin, meter",head
"오늘 뉴스 들었니? 
Did you _______ the news today?

tiger, supper, hear, hat",hear
"나는 탐을 마음속으로 사랑한다.
I love Tom in my _______.

captain, near, heart, bring",heart
"무거운 상자는 조금도 움직이지 않았다.
The _______ box doesn't move an inch.

heavy, strawberry, how, red",heavy
"여보세요. 탐과 통화할 수 있나요? 
Hello. May I speak to Tom?

space, desk, storm, hello",hello
"저 좀 도와주세요. 
I think I need some _______.

help, take, welcome, pen",help
"검은 암탉이 하얀 알을 낳는다. 
A black _______ lays white eggs.

class, look, cry, hen",hen
"여기라면 비를 맞지 않는다. 
We are safe from the rain _______.

run, safe, and, here",here
"안녕, Andrew. 네 여행은 어땠니? 
Hi, Andrew. How was your trip?

return, band, thin, hi",hi
"자신을 숨기지말고 나타내라.
(숨기다  Do not _______ and show yourself.

party, team, hide, west",hide
"가격이 좀 비싸지 않은가요? 
Isn't the price a bit _______?

telephone, high, call, under",high
"하이킹하기에 멋진 날씨였다. 
It was a nice day for _______.

water, hiking, sir, sleep",hiking
"그 언덕에는 소나무 숲이 있다. 
The _______ has a pine forest.

tall, he, board, hill",hill
"테이블 가장자리에 부딪쳤다. 
I _______ the table edge on.

space, flower, west, hit",hit
"우리는 그 강도 일당을 붙잡았다. 
We clapped _______ of the robbers.

cap, hold, yellow, build",hold
"쥐가 구멍 안에서 자고 있다. 
A mouse is sleeping in the _______.

news, lady, hole, move",hole
"공휴일이 일요일과 겹친다 
A national _______ falls on Sunday.

black, holiday, autumn, news",holiday
"집에 가는데 태워줄까? 
Do you need a ride _______?

home, bye, pair, subway",home
"나의 꿈은 선원 생활을 하는 것이다.
My _______ is using the sea.

potato, hope, shut, wrong",hope
"남자가 호스를 사용하고 있다. 
The man is using a _______.

hose, beautiful, class, who",hose
"말 타는 것을 좋아하니? 
Do you like riding a _______?

horse, think, milk, problem",horse
"개가 병원 건너편에 있다. 
The dog is across from the _______

if, hospital, book, always",hospital
"꿀과 소다, 뜨거운 물을 섞어라.
Mix soda with honey and _______ water.

guitar, never, hot, sing",hot
"어느 호텔에서 묵을 건가요?
Which _______ are you staying at?

date, rocket, hotel, doll",hotel
"한 시간 후에 다시 전화하세요. 
Please call back in an _______.

hall, test, hour, summer",hour
"집 열쇠를 찾고 있었다. 
I was looking for the key to my _______.

spend, sweet, cold, house",house
"네. 어떻게 드릴까요? 
Sure. How do you want it?

much, that, how, face",how
"100세까지 사는 사람은 적다 
Few live to be one _______ years old.

hundred, sir, corner, so",hundred
"나는 배고픈 데다 목도 마르다. 
I am _______ and thirsty too.

thousand, diary, vegetable, hungry",hungry
"그는 항상 서두른다. 
He is always in a _______.

turn, hurry, front, wake",hurry
"개가 다친것 같다. 
The dog seems to be _______.

help, excuse, camp, hurt",hurt
"나는 내일 떠나기로 마음먹었다.
_______ decided _______ would leave tomorrow.

I, road, beside, world",I
"그는 약간의 아이스크림을 먹고 싶어한다. 
He wants to eat some _______ cream.

ice, handle, clock, long",ice
"좋은 생각이 문득 떠올랐다. 
A happy _______ flashed on me.

holiday, why, fun, idea",idea
"만약 늦게 되면 나에게 알려 줘. 
Please let me know _______ you'll be late.

help, market, empty, if",if
"그녀는 한 달 동안 아팠다. 
She fell _______ for a month.

hand, gold, piece, ill",ill
"소녀가 부엌에 있다. 
The girl is _______ the kitchen.

lunch, win, lamp, in",in
"병에 잉크가 조금밖에 없다 
There is little _______ in the bottle.

ink, excuse, wear, fair",ink
"나는 영어에 관심이 많다. 
I have a lot of _______ in English.

robot, teach, dance, interest",interest
"여자가 팬에 우유를 붓고 있다. 
The woman is pouring milk _______ a pan.

large, into, into, meter",into
"동생을 소개하겠습니다. 
Let me _______ my brother to you.

open, introduce, square, knee",introduce
"그는 쓸쓸한 섬에 내렸다. 
He was landed on a lonely _______.

pardon, hurry, why, island",island
"그것이 무엇이냐에 달렸죠. 
It depends on what _______ is.

light, street, same, it",it
"난 내 일이 지겨워. 
I'm sick and tired of my _______.

cool, round, job, than",job
"나도 밴드에 가입하고 싶다 
I want to _______ the band, too.

soon, join, any, wonder",join
"쥬스를 그릇안에 넣어라
Save the _______ in a bowl.

juice, tea, about, wait",juice
"태워 줄까? 후딱 타. 
Do you want a ride? Jump in.

soup, watch, jump, hot",jump
"그들은 깊은 정글 속에 산다. 
They live deep in the _______.

jungle, famous, post, pine",jungle
"우리는 겨우 1년 전에 만났어요. 
We _______ met a year ago.

west, pull, gentle, just",just
"이것은 일주일동안 지속 될 것이다
This will _______ as long as a week.

sock, study, keep, weather",keep
"제 열쇠를 찾고 있어요. 
I am looking for my _______.

west, throw, key, orange",key
"가능한 세게 공을 차라. 
Kick this ball as hard as you can.

button, present, stove, kick",kick
"내 꼬마 동생은 아무도 못 말려요. 
Nobody can stop my _______ brother.

paint, kid, below, kill",kid
"맹세코 나는 그를 죽이지 않았어. 
By my faith, I didn't _______ him.

talk, dark, kill, mother",kill
"그녀는 매우 친절한 사람이다 
She is a very _______ person.

clean, house, kind, week",kind
"왕은 금관을 썼다 
The _______ put on his gold crown.

king, some, like, bed",king
"남자가 부엌에 있다. 
The man is in the _______.

end, yet, tie, kitchen",kitchen
"나는 무릎이 아프다. 
I have a pain in the _______.

knee, oh, thirsty, or",knee
"이 칼은 여러 가지로 유용하다. 
This _______ is helpful in many ways.

tiger, basket, hiking, knife",knife
"그녀는 창문을 두드리는 소리를 들었다. 
She heard a _______ on the window.

early, up, knock, computer",knock
"저는 춤을 출 줄 몰라요. 
I don't _______ how to dance.

vacation, know, laugh, change",know
"나의 숙모는 아주 친절한 분이다. 
My aunt is a very nice _______.

apple, climb, finger, lady",lady
"호수 위에 보트가 떠 있다. 
There are boats on the _______.

front, dark, lake, dish",lake
"책상 위에 등이 있어요. 
There is a _______ on the desk

ma'am, show, lamp, hair",lamp
"사람들은 땅에서 식품을 기른다. 
People grow food on the _______.

clothes, soap, land, speak",land
"큰 그릇에 옥수수 후레이크를 부으세요
Pour corn flakes into _______ bowl.

ceiling, box, large, hello",large
"이것은 이 계절의 마지막 음악회야. 
This is the _______ concert of the season.

a,an, last, lake, stair",last
"일에 늦기 싫어.
I don't want to be _______ for work.

love, hide, fool, late",late
"넌 정말 웃는 걸 좋아하는구나? 
You love to _______, don't you?

handle, laugh, breakfast , have",laugh
"그는 국민을 충분히 지도할 수 있다. 
He is well able to _______ the people.

do, take, lead, bread",lead
"여름의 나무들은 잎이 무성하다. 
Trees in summer are in _______.

leaf, narrow, hat, lamp",leaf
"배움에는 절대 늦음이 없다. 
It is never too late to _______.

grass, yet, nice, learn",learn
"그래, 나는 내일 떠날 계획이야. 
Yes, I plan to _______ tomorrow.

under, leave, family, problem",leave
"도서관은 왼쪽에 있습니다. 
The library is on your _______.

strong, excellent, thin, left",left
"상어가 그 사람의 다리를 물어뜯었다. 
The shark ate off the man's _______.

kid, sick, around, leg",leg
"  오늘의 수업은 당근에 관한 거예요 
Today’s _______ is about the carrots

lesson, album, mail, a,an",lesson
"이 근처 아무데나 내려주세요. 
Let me off anywhere around here.

sweater, basket, let, captain",let
"그 문이 편지에 언급되어 있다. 
The door is referred to in the _______.

letter, move, restaurant , burn",letter
"도서관은 왼쪽에 있습니다. 
The _______ is on your left.

mad, clean, again, library",library
"그녀가 거짓말을 하지 않았니? 
She told a _______, didn't she?

lie, son, peace, I",lie
"식물은 태양에서 빛을 흡수한다. 
Plants imbibe _______ from the sun.

light, supper, follow, mother",light
"전혀 안 좋습니다. 
I don't _______ it at all.

like, forget, shape, snow",like
"우리 모두 줄을 서서 점심을 먹으러 가요. 
Let's _______ up and go to lunch.

stop, line, they, open",line
"사자는 육식 동물이다 
The _______ is a beast of prey

lion, join, carry, silver",lion
"그는 아랫 입술이 정말 두꺼워요. 
He has a huge lower _______.

radio, lip, chopstick , buy",lip
"너희 이름이 명부에 올랐다.
Your names are on a _______.

hat, arrive, list, tulip",list
"매일 영어 테이프를 듣는다. 
I _______ to English tapes every day.

listen, enjoy, on, food",listen
"다리가 조금 욱신거려. 
My leg is a _______ sore.

hurry, little, wet, key",little
"먹기 위해 살지 말고, 살기 위해 먹으라. 
One should eat to _______, not _______ to eat.

okay, true      , red, live",live
"그것은 7분이 넘는다. 
It is more than 7 minutes _______.

pardon, lie, love, long",long
"나는 바보같이 보일 거야. 
I will _______ like a fool.

together, left, look, age",look
"친구를 잃느니 차라리 돈을 잃겠어요. 
I'd rather _______ money than a friend.

pair, sock, lose, size",lose
"많은 물을 사용한다.
They use a _______ of water.

water, lot, yet, spell",lot
"그녀가 크게 재채기를 했다.
She let out a _______ sneeze.

loud, television, poster, ceiling",loud
"여러분도 저처럼 음악을 사랑하세요? 
Do you _______ music like I _______ music?

round, bottle, introduce, love",love
"그들은 검소하게 살았다.
Cook over _______ heat until melted.

shape, rice, bridge, low",low
"그게 운이었다고 보세요? 
Would you put it down to _______?

tennis, fast, why, luck",luck
"점심에 무엇을 먹었니? 
What did you eat for _______?

group, lunch, today, gold",lunch
"부인, 죄송합니다.
Sorry, _______.

ink, full, where, ma'am",ma'am
"그 의사는 아주 미쳤다. 
The doctor was stark, staring _______.

pool, example, mad, brush",mad
"아뇨, 이메일을 일찍 보냈어요. 
No, I sent an e-_______ earlier.

mail, bad, laugh, doll",mail
"그거 좋은데요. 샐러드는 내가 만들게요.
That sounds great. I'll _______ a salad.

make, brush, cut, speak",make
"내가 남자이면 좋겠다.
I wish I were a _______.

mountain, song, coffee, man",man
"파티에 여럿이 와 있다
There are _______ at the party.

oil, many, quiet, robot",many
"여자가 지도를 보고 있다.
The woman is consulting her _______.

watch, map, example, size",map
"한 상점에서 3월에 봄 세일 행사를 한다.
A shop  have a spring sale in March.

march, hurt, little, shoes",march
"다음 장은 10일에 선다 
The next _______ is on the 10th.

storm, fight, market, flower",market
"그는 그 여자하고 몹시 결혼하고 싶어한다 
He is mad to _______ her.

bright, train, marry, return",marry
"그 문제야 어떻든… 
Be the _______ what it may, ...

matter, just, help, roll",matter
"그밖의 사람은 가도 좋다 
The rest of you _______ go home.

kid, drum, be, may",may
"오리에게 고기를 먹이지 마라
Don't feed the ducks with _______.

guitar, home, meat, age",meat
"이 메달은 우승자를 표창하기 위한 것이다.
This _______ is to honor the winner.

medal, boy, sorry, warm",medal
"당신을 만나서 영광입니다. 
I'm really honored to _______ you !

meet, cloud, high, sugar",meet
"두꺼운 멜론 한 조각이 접시에 담겨 있다.
Place the _______ chunks in a bowl.

move, run, melon, spell",melon
"나무는 1미터씩 사이가 떠 있다 
The trees stand at intervals of one _______.

meter, team, lie, rain",meter
"줄이 한가운데가 축 늘어져 있다 
The rope is slack in the _______.

piano, head, I, middle",middle
"우유를 넣고 잘 섞어라.
Add the _______ and stir well.

hall, dolphin, wet, milk",milk
"100만불은 막대한 돈이다 
A _______ dollar is a mint of money.

hold, bag, million, church",million
"잠시만 기다려,
Wait a _______,

dad, sheet, queen, minute",minute
"남자가 거울을 들여다보고 있다.
He is looking in the _______.

mirror, doctor, rain, like",mirror
"수잔 브라운 양은 25세입니다. 
_______ Susan Brown is 25 years old.

sorry, Miss, mad, switch",Miss
"모형 비행기가 할인판매 중이다.
The _______ airplane is on sale.

model, year, daughter , wonder",model
"바지는 엄마에 의해 다려졌다.
The pants were ironed by my _______. ( _______my)

sand, mom, feel, around",mom
"돈은 미끼로 사람을 유혹하는데 사용된다. 
Money is used to bait the hook.

light, pool, money, bell",money
"원숭이는 꼬리가 길다 
A _______ has a long tail.

piano, dial, monkey, wing",monkey
"우리는 그 팀과 매 달 시합을 한다.
We play with the team every _______.

tomorrow, sock, switch, month",month
"하늘의 달이 이울기 시작했다. 
The _______ in the sky is on the wane.

I, thing, there, moon",moon
"오늘 아침 그는 활기차 보였다.
He was full of prunes this _______.

cheap, morning, yeah, laugh",morning
"그 수녀는 고아들에게 어머니와 같은 존재였다.
The nun was a _______ to orphans.

long, throw, mother, stop",mother
"인가가 산기슭에 산재해 있다.
Houses straggle at the foot of the _______.

mountain, robot, ice, some",mountain
"입안을 헹군 다음 물을 뱉는다. 
I rinse my _______ and spit out the water.

real, again, telephone, mouth",mouth
"그녀는 무서워 떨면서 움직일 수 없었다. 
She could not _______ in fear and trembling.

until, present, start, move",move
"심금을 울리는 영화였어.
The _______ has tugged at my heartstrings.

picture, city, of, movie",movie
"실버 씨와 얘기해 봤어요? 
Ms.여자. Were you able to talk to _______ Silver?

next, arrive, sheet, Mr.",Mr.
"나를 ""여사""라고 부르지 마세요.
Please don't address me as _______

change, Mrs., knife, winter",Mrs.
"웬 술을 이렇게 마셨어?
Why did you drink so _______?

much, act, pay, parent",much
"그 음악은 그를 지치도록 춤추게 한다.
This _______ dances him off his feet.

roof, music, gentle, snow",music
"뿌린 씨는 거두어 들여야 한다.
One _______ reap what one has sown.

must, switch, size, ago",must
"이 운동의 이름은 무엇인가? 
What's the _______ of this sport?

beach, must, tell, name",name
"범위를 좁혀야 할까요? 
Do you think I should _______ it down?

winter, mouth, narrow, tennis",narrow
"우리는 시청 부근에서 그의 차를 따라잡았다.
We overtook his car _______ the city hall.

near, short, head, monkey",near
"제가 목을 만지면 아파요. 아야!
When I touch my _______, it hurts. OUCH!

zoo, plan, neck, glass",neck
"뼈를 튼튼하게 하려면 칼슘이 필요하다.
People _______ calcium to have strong bones.

swim, need, base, great",need
"이 톱니 바퀴들은 어긋난 적이 한번 도 없다. 
These gears were _______ out of mesh.

ruler, never, fat, dear",never
"마침내 새 집으로 이사했나요? 
Did you finally move into your _______ house?

cap, new, melon, music",new
"그녀는 네 소식에 개의치 않는다.
She is not fussed about your _______.

news, sock, oil, learn",news
"다람쥐가 나무 옆에 있다. 
The squirrel is _______ to the tree.

next, tired, button, it",next
"날씨가 참 좋죠?
The weather is _______, isn't it?

know, music, poor, nice",nice
"그날 밤 그 도박꾼이 판돈을 휩쓸었다.
The gambler scooped the pool that _______.

night, ink, storm, bear",night
"너 참 시끄럽구나. 
You are so _______.

banana, noisy, picnic, animal",noisy
"나는 그 소음 때문에 놀랐다.
I was frightened at the _______.

enough, sheep, thank, noise",noise
"바람이 북쪽에서 불어온다.
The wind sits in the _______.

north, read, dial, loud",north
"악취가 코를 찔렀다
An offensive smell greeted my _______.

slide, story, post, nose",nose
"난 전혀 신경 안 써. 
I do _______ care a snap.

not, evening, lead, date",not
"어디서 이 공책을 샀어요? 
Where did you buy this _______book?

stamp, place, note, card",note
"난 이제 독립했다. 
I am my own boss _______.

now, television, rain, sister",now
"10 센트를 넣고 번호를 돌리시오.
Deposit a dime and dial your _______.

cow, together, watch, number",number
"그녀는 간호사 자격을 딸 작정이다.
She expects to qualify as a _______.

place, friend, nurse, for",nurse
"내가 7시에 데리러 갈게요.
I’ll pick you up at 7 o’clock.

old, class, till, o'clock",o'clock
"금전욕은 모든 악의 근원이다 
Love _______ money is the root _______ all evil.

gentle, yet, dog, of",of
"그 외딴 지역은 도시에서 멀리 떨어져 있다.
The remote region is _______ the map.

melon, off, stair, afternoon",off
"사무실은 이곳에서 멀지 않다. 
The _______ is not far from here.

teach, or, turn, office",office
"종종 커피숍에서 시간을 보내. 
I _______ hang out in coffee shops.

pipe, often, supermarket , ma'am",often
"오, 키가 매우 크고 잘 생겼네. 
Oh, he is very tall and handsome.

oh, moon, record, time",oh
"기름이 동났다 
The _______ is used up. or We are out of _______.

oil, afraid, pipe, know",oil
"좋아, 이해하기 쉽게 들리는구나. 
Okay, it sounds easy to understand.

okay, young, sir, engine",okay
"그 할머니는 한푼 없이 쫓겨났다.
The _______ lady was evicted without a bean.

come, old, music, and",old
"볼펜이 탁자 위에 있다.
The ballpoint pen is _______ the table.

on, park, board, tall",on
"두부를 넣고 1분 간 튀긴 후 한 번 뒤집는다.
Add tofu and fry for 1 minute, turning _______.

grass, sea, once, thing",once
"그는 단지 속옷만 입고 있었다.
He was clad _______ in his underwear.

large, side, only, into",only
"데이터 파일을 열지 못했습니다.
The data file failed to _______.

copy, salt, dial, open",open
"안개가 갰다
The fog lifted. _______ The mist cleared away

telephone, or, bank, give",or
"오렌지와 레몬 껍질을 떨어뜨리세요.
Drop in _______ and lemon peel.

orange, grandmother , have, kick",orange
"사랑이란 간절히 다른 쪽 뺨을 내미는 것이다.
Love is eagerly turning the _______ cheek.

pencil, address, introduce, other",other
"그는 그녀를 밖으로 밀어냈다.
He elbowed her _______ of the way.

base, fill, shape, out",out
"깃발이 성 위에 너풀거린다 
The flag flutters  _______ a castle.

park, over, set, far",over
"229쪽 사진을 보세요. 
Look at the pictures on _______ 229.

grow, river, zero, page",page
"벽은 흰색으로 칠해야 해요. 
You need to _______ the walls white.

grape, love, any, paint",paint
"남자가 신발 한 켤레를 사고 있다. 
The man is buying a _______ of shoes.

daughter , pair, set, show",pair
"그가 바지를 입고 있다. 
He is putting on his _______.

pants, word, fine, be",pants
"종이 좀 더 갖다 주실래요? 
Would you bring me some more _______?

west, say, because, paper",paper
"그는 용서를 받으러 갔다. 
He went to ask for _______.

fork, red, people, pardon",pardon
"그는 자신이 좋은 부모가 될 수 있다고 믿고 있습니다. 
He believes he can be a good _______.

hear, parent, pair, hello",parent
"공원에는 벤치가 없다. 
There's no bench in the _______.

present, behind, park, out",park
"정말 멋진 파티였어. 
It was a really neat _______.

park, coin, party, oil",party
"예, 왼쪽에 있는 공원을 지나가세요. 
Yes, _______ the park on the left.

big, lake, breakfast , pass",pass
"대신 현금으로 지불하시겠어요? 
Do you want to _______ with cash instead?

start, record, sing, pay",pay
"비둘기는 평화의 상징이다. 
The dove is a figure of _______.

train, peace, cold, why",peace
"나는 배보다 사과가 좋다 
I like apples better than _______s.

stop, forget, truck, pear",pear
"책 위에 펜이 있다. 
There is a _______ on the book.

hard, old, student, pen",pen
"연필이 탁자 아래에 있다. 
The _______ is under the table.

sheep, listen, pencil, school",pencil
"사람들은 병원에 있다. 
The _______ are in the hospital.

draw, people, as, begin",people
"이 피아노는 아주 낡았다. 
This _______ is older than God.

party, hen, piano, number",piano
"그것을 주워 다오 
Please, _______ it up for me.

fresh, banana, boy, pick",pick
"내일 소풍을 간다. 
We are having a _______ tomorrow.

flower, cold, picnic, ice",picnic
"소녀가 그림을 색칠하고 있다. 
The girl is coloring the _______.

picture, sock, where, slow",picture
"각 조각 위에 치즈를 얹어라 
Top each _______ with a slice of cheese.

piece, butter, poster, empty",piece
"우리는 돼지를 보고 있어요. 
We are looking at the _______.

dog, wind, pair, pig",pig
"난 비행기 조종사가 되어서 많은 나라들을 보고 싶어. 
I want to be a _______ and see many countries.

moon, free, pilot, tonight",pilot
"그녀는 매우 친절한 사람이다 
She is a very kind _______.

soup, person, crayon, floor",person
"이 소나무는 유서가 깊다 
This _______ tree has a history.

speed, pine, shape, the",pine
"한 마리만 제외하고는 모든 돼지가 분홍색이다. 
Every pig is _______ include out one.

fast, food, pink, ear",pink
"남자가 길거리에 있는 파이프를 들어 올리고 있다. 
The man is lifting a _______ off the street.

pipe, eraser, stair, bring",pipe
"그들은 범죄가 일어난 장소를 수사했다. 
They investigate a _______ of crime.

place, flag, band, out",place
"내 계획은 단순해. 
My _______ is just plain and simple.

begin, become, plan, great",plan
"비행기를 놓치고 싶지 않아요. 
I don't want to miss my _______.

tall, album, plane, become",plane
"식물의 성장에는 햇빛이 필요하다 
Sunlight is needed for _______ growth.

captain, pocket, plant, dead",plant
"많은 여자 아이들이 인형놀이를 한다. 
Many little girls _______ with dolls.

chance, glove, play, bench",play
"날 좀 도와줘. 
Please bear a hand with me

age, please, card, okay",please
"너의 주머니에 단추를 채워 넣어야 해. 
You should button into your _______.

thirsty, pocket, tooth, narrow",pocket
"하나만 지적해도 될까요. 
Let me just _______ out one thing.

lesson, hi, point, he",point
"그는 경찰과 문제를 빚고 있다. 
He is in trouble with the _______.

police, but, story, and",police
"그들은 실내 풀장에서 편히 쉬고 있다.
They're relaxing in an indoor _______.

Miss, what, pool, mother",pool
"가난하다고 그를 업신여기지 마라.
Do not disdain him because he is _______.

chopstick , poor, pay, page",poor
"우체국 건너편에 있습니다. 
It’s across from the _______ office.

top, post, bed, change",post
"포스터에는 무엇이 들어가야 하지?
What should be on the _______?

student, violin, million, poster",poster
"감자는 미국이 원산지이다 
The _______ is native to America.

tell, doctor, potato, bad",potato
"전 연습이나 더 하겠습니다.
I think I'll _______ some more.

flower, sound, practice, after",practice
"이 조그만 게 내 생일 선물이야? 
Is this puny thing my birthday _______?

snow, move, present, tonight",present
"저 섹시한 여인이 매우 예뻤다. 
The bit of fluff was very _______.

happy, hate, she, pretty",pretty
"이 필름을 인화해 주시오. 
Please _______ this roll of film.

remember , print, put, deep",print
"그 물건이 뭐가 잘못됐어요?
What was the _______ with that shipment?

end, say, earth, problem",problem
"사슬줄을 당기면 물이 쏟아져 나온다.
Pull the chain, and the water flushes.

pull, fly, last, neck",pull
"떼밀지 마라
Don't _______ me so much. or Stop shoving.

push, kind, stay, skirt",push
"침대 곁의 탁자에 컵을 놓아라.
Put the cup on the bedside table.

put, send, high, bear",put
"그 정권에서 여왕이 실권을 잡았다. 
The _______ was at the helm in the regime

girl, pool, tape, queen",queen
"돌연한 질문에 얼떨떨했다 
I was dazed at his abrupt _______.

question, buy, the, excuse",question
"그는 언제나 응답이 빠르다.
He is ever _______ to respond.

oh, fun, quick, silver",quick
"좀 조용히 해! 
In the hell's name, be _______.

grass, grow, quiet, sports",quiet
"그는 라디오에서 흘러나오는 음악에 맞추어 몸을 흔들었다.
He grooved to the sounds of the _______.

engine, radio, point, stay",radio
"비가 그칠 성싶지 않다
There is no sign of the _______ ceasing.

understand  , yeah, rain, when",rain
"하늘에 무지개가 떠 있다.
A _______ hangs in the sky.

a,an, rainbow, record, blow",rainbow
"그 책 세 권 중 적어도 두 권은 읽어라. 
Read two of the three books at fewest.

airport, then, read, they",read
"꽃망우리가 필락 말락 하고 있다 
The buds are just _______ to burst.

eraser, tooth, ready, soap",ready
"그 영화 정말 형편 없었어요.
The movie was a _______ bomb.

tape, real, set, movie",real
"지불 기록이 없어요. 
There is no _______ of the payment.

computer, record, doctor, guitar",record
"길거리는 저녁 어스름에 붉었다.
he streets were _______ in the dusk.

storm, red, calendar, north",red
"나는 그 영화 제목을 기억하지 못한다. 
I can't _______the film title.

rice, shop, stupid, remember ",remember 
"재검사를 받아야 합니까? 
Do I need to _______ the test?

evening, repeat, grow, open",repeat
"그의 묘비에는 '편히 잠들다'라고 새겨져 있다.
Carved on his headstone is 'Rest in Peace.'

go, salt, rest, window",rest
"해바라기는 식당의 이름이다.
The Sunflower is the name of the restaurant.

restaurant , again, practice, shut",restaurant 
"감사합니다. 다음주에 돌려드릴꼐요. 
Thank you. I'll _______ it next week

shoulder   , return, straight, along",return
"소녀가 풍선에 리본을 묶고 있다. 
The girl is tying the _______ to the balloon.

many, mail, game, ribbon",ribbon
"열흘치 쌀이 배급되었다
Ten days' ration of _______ was distributed.

vegetable, camera, cap, rice",rice
"그 부자가 출두했다.
The _______ guy surrendered to his bail.

listen, sheet, short, rich",rich
"집에 가는데 태워줄까? 
Do you need a _______ home?

million, ride, easy, coffee",ride
"그 웨이터는 당신에게 적절해요. 
The waiter will be _______ with you.

answer, right, grow, shoes",right
"그 가게는 마약 조직의 은신처이다
The shop fronts for a narcotics _______.

ring, sports, want, okay",ring
"강 굽이마다 바지선이 있다. 
There are barges at every turn of the _______.

find, button, square, river",river
"그 길은 거기서 왼쪽으로 꺾인다.
The _______ jogs to the left there.

care, road, light, hear",road
"로봇이 상자 옆에 있다.
The _______ is next to the box.

clothes, write, robot, swing",robot
"바위 틈에서 물이 우러나온다 
Water springs[gushes] up from the _______.

rock, half, cow, flower",rock
"로켓이 몇 시에 발사되죠? 
What time will the _______ be launched?

rocket, hundred, rest, warm",rocket
"식었을 때 정제 설탕 위에 놓고 굴려라.
Roll in confectioner's sugar when cool.

roll, skate, half, back",roll
"비가 지붕을 또닥거리며 온다
The rain is pattering on the _______.

dirty, interest, roof, center",roof
"종이가 흩어져 방안이 산란하다 
The _______ is littered with scraps of paper.

music, wash, people, room",room
"그 장미는 내 정원에서 가장 예쁜 꽃이다.
The _______ is the prettiest flower in my garden.

meter, ill, may, rose",rose
"큰 접시처럼 둥글다.
It's as _______ as a big dish.

high, clothes, round, ticket",round
"남자가 자 위에 뭔가 쓰고 있다.
The man is writing on his _______.

sports, get, list, ruler",ruler
"그는 너만큼 빨리 뛴다.
He _______s as fast as you (_______).

run, keep, bell, need",run
"신디의 반 친구들 모두 아주 슬펐어요. 
All of her classmates were very _______.

down, pink, because, sad",sad
"이 장난감은 더없이 안전하다. 
This toy is _______ as anything.

now, safe, ask, video",safe
"소금이나 물을 넣지 마라
Do not add _______ or water.

daughter , salt, water, cry",salt
"남자가 샐러드에 오일을 뿌리고 있다. 
The man is putting oil on the _______.

film, salad, tomato, shirt",salad
"완공 연도가 같은 두 댐은 어느 것들인가?
Which two dams are the _______ age?

stupid, same, hold, knee",same
"그들은 모래 위에 누워 있다. 
They are lying on the _______.

dance, gold, foot, sand",sand
"네 누이동생에게 안부 전해 줘. 
Say hi to your sister for me.

dish, beautiful, age, say",say
"학교는 그의 집 가까이에 있다. 
The _______ is in his own backyard

letter, school, show, week",school
"나의 점수는 서서히 나아질 것이다. 
My _______ will be improved by gradation.

busy, score, cook, take",score
"파도가 너울거린다 
The _______ is swelling.

fresh, rice, sea, may",sea
"겨울은 연중 가장 습한 계절입니다. 
Winter is the wettest _______ of the year.

mirror, stand, sing, season",season
"안내인이 나를 자리로 안내해 주었다.
The guider showed me into the _______.

seat, thousand, road, white",seat
"앞으론 당신을 절대 보고싶지 않아요.
I never ever want to _______ you again.

sheep, soon, heart, see",see
"내 차를 간신히 팔았어. 
I managed to _______ my car.

until, ride, sell, dear",sell
"우리가 보강 병력을 보내야 할까?
Do we need to _______ in reinforcements?

work, say, send, season",send
"룸서비스가 가장 좋아요. 
I like the room _______ the most.

circle, service, leave, wet",service
"그녀는 시계를 맞추어 놓았지만 일어나지 못하였다.
She _______ a clock but she didn't wake up.

cool, close, set, news",set
"그것 때문에 너에게 손해를 끼치지는 않겠다.
You _______ not be the loser by it.

black, shall, ask, welcome",shall
"그 탁자는 모양이 타원형이다. 
The table is oval in _______.

hello, zero, shape, red",shape
"그녀는 떠나면서 손을 흔들어 인사했다.
She waved a salute as _______ left.

and, switch, once, she",she
"양치기 소년은 그의 양을 풀어놓았다.
The shepherd boy cast loose his _______.

tooth, sheep, coat, busy",sheep
"스틱들을 커다란 쿠키 시트에다 올려놓는다.
Place sticks on a large cookie _______.

wall, god, sheet, surprise",sheet
"배는 부두에 정박해 있다. 
The _______ is docking at the wharf.

cut, count, ship, thank",ship
"그는 파란 셔츠를 입고 있어. 
He is wearing a blue _______.

date, tennis, buy, shirt",shirt
"소녀가 구두를 보고 있다. 
The girl is looking at her _______.

count, drop, shoes, umbrella",shoes
"저는 쏘거나 잡지는 않았어요. 
I didn’t _______ or catch it.

shoot, school, red, plant",shoot
"난 애완 동물 가게에 살아요. 
I live in a pet _______.

waste, shop, put, join",shop
"그 바지는 너한테 너무 짧아보여. 
Those pants look too _______ for you.

paper, restaurant , try, short",short
"왼쪽 어깨에 통증이 있어요.
I have an ache in the left shoulder.

swing, begin, shoulder   , water",shoulder   
"그녀는 기뻐서 외쳤다 
She gave a _______ of joy.

shout, fact, dark, temple",shout
"그래서 재미있는 쇼를 하고 싶었어요. 
So I wanted to do a funny _______.

until, speed, say, show",show
"나는 소나기를 만났다. 
I was caught in a _______.

milk, away, cloud, shower",shower
"바람이 불면서 문이 휙 닫혔다. 
When the wind blew, the door swung _______.

swing, shut, monkey, send",shut
"내 막내 여동생은 병에 걸렸다.
My youngest sister is on the _______ list.

horse, a,an, strawberry, sick",sick
"어떤 여자가 팔꿈치로 내 옆구리를 찔렀다. 
A woman dug her elbow into my _______.

night, with, side, he",side
"기입 사항에 서명 날인해주세요. 
Please _______ and seal an entry.

high, sign, doctor, sea",sign
"금, 은, 동은 원소이다. 
Gold, _______ and copper are elements.

silver, aunt, bell, thousand",silver
"결국 백조들은 노래하는 법을 잊었다.
In time, swans forgot how to _______.

on, handle, sing, stove",sing
"미안합니다 손님. 찾으시는 음식이 없는데요.
I'm sorry, _______. We don't serve your kind.

kind, hard, only, sir",sir
"네 누이동생에게 안부 전해 줘.
Say hi to your _______ for me.

word, taxi, sister, wonder",sister
"앞자리에 앉겠습니다. 
I'll _______ in the front seat.

hi, bench, pencil, sit",sit
"여행용 가방들은 모두 크기가 똑같다.
(크기   suitcases are all the same _______.

skirt, size, right, long",size
"아이가 거리에서 스케이트보드를 타지 않게 하세요. 
Don't let your child _______ on the street.

now, night, ask, skate",skate
"치마가 문에 걸렸다. 
The _______ caught in a door.

cat, below, bird, skirt",skirt
"하늘의 달이 이울기 시작했다.
The moon in the _______ is on the wane.

ill, sky, slow, sun",sky
"나 지금 좀 자고 싶어. 
I need some _______ right now.

sleep, stamp, to, church",sleep
"서랍들은 미끄러지듯 수월하게 여닫힌다. 
The drawers _______ in and out easily.

slide, why, cold, small",slide
"시계가 5분 늦다 
Your watch is five minutes _______.

slow, lake, shoulder   , desk",slow
"하이에나는 죽어있는 작은 동물을 먹고 산다. 
Hyenas feed on _______ dead animals.

city, open, small, sure",small
"가스 냄새가 난다 
I _______ gas.

milk, television, smell, why",smell
"미소가 그녀의 입가에 감돌았다.
A _______ rested on her lips.

till, hate, tiger, smile",smile
"방은 연기로 가득 차 있다. 
The room is filled with _______

dance, find, evening, smoke",smoke
"겨울에 눈이 많이 오지 않나요? 
Don't you have much _______ in winter?

hurt, send, snow, bench",snow
"그래서 재미있는 쇼를 하고 싶었어요. 
So I wanted to do a funny show.

black, banana, so, must",so
"비누 한 장 사용했으면 하는데요. 
I could use a bar of _______.

what, soap, ceiling, dolphin",soap
"그것은 바로 월드컵 축구대회입니다. 
It is the World Cup _______ contest.

many, soccer, candle, winter",soccer
"그의 양말에 구멍이 뚫어져 있다 .
There is a hole in his _______.

sock, shout, person, weather",sock
"난 아주 부드러운( 푹신한)  매트리스를 좋아해요. 
I like a really _______ mattress.

on, club, marry, soft",soft
"냉장고에 사과가 좀 있니? 
Are there _______ apples in the refrigerator?

some, pen, sweater, red",some
"아들은 축구가 더 중요하다고 생각한다. 
The _______ thinks soccer is more important.

hurry, son, introduce, new",son
"그 노래는 내 영혼을 압도했다. 
The _______ swept over my soul.

song, lip, say, strawberry",song
"그는 곧 달아날 거야. 
The man will skip it _______.

study, soon, basket, model",soon
"유감입니다. 
I am _______ to hear that.

course, sorry, right, temple",sorry
"소리가 들리다 안 들리다 합니다. 
The _______ goes on and off.

young, ruler, classmate, sound",sound
"수프에서 양파 빼주세요. 
Hold the onion from the _______.

pear, soup, yes, king",soup
"그는 남쪽으로 차를 몰았다. 
He drove his car down _______.

south, full, picnic, glove",south
"내 차를 주차할 공간이 없네. 
No _______ for parking my car.

blow, enough, under, space",space
"그녀는 너무 수줍어해 말도 못한다 
She is too shy to _______.

join, button, begin, speak",speak
"기차는 점점 속력을 내고 있었다. 
The train was gradually picking up _______.

arrive, speed, hundred, pardon",speed
"그 단어의 스펠링을 가르쳐 주십시오 
Please tell me how to _______ that word.

spell, cross, idea, wing",spell
"사람들은 쓸 돈이 더욱 많다. 
People have more money to _______.

call, spend, want, space",spend
"이 스푼으로 고깃국물을 뜨세요. 
Use this _______ to help the gravy.

who, plane, spoon, cut",spoon
"축구는 가장 인기 있는 운동 중 하나이다. 
Soccer is one of the most popular _______.

sheep, restaurant , case, sports",sports
"봄기운이 완연하군. 
I think _______ is in the air.

tie, spring, surprise, pretty",spring
"동굴의 내부는 거대한 정사각형의 형태로 되어 있다. 
The cave room is a great _______.

enough, square, sleep, evening",square
"남자가 계단에서 기다리고 있다. 
The man is waiting on the _______.

bell, stair, sock, bread",stair
"이 우표는 특별판이에요. 
The _______ is a special edition.

happen, bear, stamp, poor",stamp
"그렇게 얼빠진 얼굴을 하고 서 있지 마라 
Don't _______ there looking like a fool.

stand, rest, skirt, sleep",stand
"남자가 별을 보며 소원을 빌고 있다. 
A man is wishing on a _______.

parent, leaf, star, draw",star
"영화는 30분 후에 시작한다. 
The movie will _______ in half an hour.

train, start, try, present",start
"역까지 바래다 드리지요. 
I’ll walk you to the _______.

sand, station, north, oh",station
"좀 더 머물수 있니? 
Can you _______ a little longer?

stay, umbrella, push, finish",stay
"이 엔진들은 증기로 움직인다. 
These engines are driven by _______.

tired, wait, knock, steam",steam
"난 이제 낙원에 한 걸음 가까이 간 셈이야. 
I am one _______ closer to paradise.

excuse, step, south, sweet",step
"그는 지팡이로 나를 때렸다. 
He did dot at me one with a _______.

put, when, stick, pilot",stick
"이 돌은 아무 가치도 없는 것이다. 
This _______ is not worth a dump.

cook, stone, friend, on",stone
"재채기를 멈출 수 없어요. 
I can't _______ sneezing.

stone, kitchen, fair, stop",stop
"사람들은 장난감 가게에 있다.
The people are in the toy _______.

teach, store, never, clock",store
"그들은 폭풍우에 겁을 먹고 있다. 
They are scared by the _______.

storm, mother, temple, luck",storm
"너에게 들려줄 이야기가 하나 있어. 
I want to tell you a _______.

sweater, story, doctor, camera",story
"난로를 언제 배달해 주실 수 있어요? 
When can you deliver the _______?

glass, money, coffee, stove",stove
"나는 회사에서 곧장 왔다. 
I came _______ from the office.

straight, star, where, cream",straight
"이상한 소리에 그는 잠이 깼다. 
A _______ noise broke his sleep.

swim, cheese, the, strange",strange
"딸기가 탁자 위에 있다. 
The strawberries are on the table.

when, card, strawberry, air",strawberry
"언젠가 그 거리에 가보고 싶어. 
I hope to visit that _______ sometime.

a,an, street, for, to",street
"쇠는 달구어졌을 때 쳐라. 
Strike while the iron is hot.

busy, strike, meet, sell",strike
"나는 강한 여자가 좋아. 
I like a woman to be _______.

base, library, under, strong",strong
"학생들은 각자 자기 책상을 갖고 있다 
Each _______ has his own desk.

only, long, hello, student",student
"너무 피곤해서 공부를 못 하겠어. 
I am too tired to _______.

strong, floor, lake, study",study
"난 네가 생각하는 만큼 그렇게 어리석지 않아. 
I'm not so _______ as you think.

way, shut, left, stupid",stupid
"이 근처에서 지하철을 탈 수 있습니까? 
Can I find a _______ nearby here?

subway, boat, table, hole",subway
"커피에 설탕을 넣습니까? 
Do you use _______ in your coffee?

queen, sugar, excite, winter",sugar
"여름 세일 중이다 
The _______ sales are on now.

summer, land, tired, talk",summer
"태양이 달보다 작아. 
The _______ is smaller than the moon.

sun, tired, tomato, time",sun
"나는 어제 슈퍼마켓에 갔다. 
I went to the _______yesterday.

eye, supermarket , rain, shape",supermarket 
"집에서 매일 저녁 식사 때 술을 마십니다. 
I drink at _______ every day at home.

curtain, pine, write, supper",supper
"우울증에 확실한 치료약입니다. 
A _______ cure for the blues.

because, sure, dark, aunt",sure
"놀라는 빛이 그의 표정에 나타났다 
A look of _______ came over his face.

sea, afraid, because, surprise",surprise
"소년이 스웨터를 입고 있다. 
The boy is putting on a _______.

pilot, supper, sweater, box",sweater
"이 포도는 달콤새콤하다 
These grapes taste _______ and sour.

lip, butter, sweet, send",sweet
"수영할 줄 알지만 잘하지는 못한다. 
I can _______, but not very well.

much, film, page, swim",swim
"그녀는 약간 흔들거리면서 걷는다. 
She has a slight _______ in her walk.

ill, ink, swing, eye",swing
"스위치를 켜주겠어요? 
Would you please kick the _______ on.

switch, bottle, like, join",switch
"수건이 테이블 위에 있다
The towels are on the _______.

table, switch, mother, twice",table
"기회를 잡아야겠다고 생각했어요. 
I thought I'd _______ a chance.

sweater, brush, hurt, take",take
"그 남자 하고 말하기 싫어. 
I don't want to _______ to him.

talk, count, dear, matter",talk
"Lisa는 나만큼 키가 커요.
]Lisa is as _______ as I am.

week, into, tall, son",tall
"이 비디오 테이프는 얼마예요? 
What's the price of this video _______?

lip, fruit, tape, number",tape
"이 음식은 맛이 별로 없다.
This food has very little _______.

taste, with, dress, pear",taste
"택시가 시내를 달리고 있다. 
The _______ is diriving down the street.

knock, calendar, taxi, child",taxi
"차나 한잔 할까요? 
Why don’t you join me for a cup of _______?

soccer, tea, off, switch",tea
"학교에서는 1학년 때 읽기를 가르친다. 
Schools _______ reading in the first grade.

floor, teach, late, shoes",teach
"우리 팀은 많은 팬들이 있어요. 
Our _______ has plenty of fans.

fill, till, team, game",team
"전화가 탁자 위에 있다. 
The _______ is on the table.

road, cheap, horse, telephone",telephone
"우리는 TV로 그 경기를 봤어. 
We watched the game on _______.

television, fill, old, candle",television
"내 앞에서는 진실을 말해도 좋다. 
You can _______ the truth before me.

tell, bear, tooth, gray",tell
"이 절은 모든것이 고색찬란하다. 
This _______ looks hoary in everything.

at, dream, temple, roll",temple
"테니스와 스키를 즐깁니다. 
like playing _______ and skiing.

that, tennis, quiet, before",tennis
"오늘 운전면허 시험에 떨어졌어요. 
I failed my driver's _______ today.

window, film, test, apple",test
"태양이 달보다 작아. 
The sun is smaller _______ the moon.

zoo, than, job, skate",than
"고맙게도 전쟁이 끝났다 
Thank God, the war is over.

potato, thank, big, lake",thank
"저것은 무엇이니?
What is _______?

that, toy, empty, record",that
"그 소녀가 부엌에 있다. 
The girl is in _______ kitchen.

mirror, fork, the, switch",the
"그 때까지는 알려드릴 수 있습니다. 
I think we can let you know by _______.

open, well, shoes, then",then
"10일 동안 거기에 있었어요 
We spent about ten days _______.

busy, slide, there, street",there
"많은 물을 사용한다. 
They use a lot of water.

win, sweater, son, they",they
"난 너무 두꺼운 것은 싫어.
I don't like it too _______.

thick, touch, show, pardon",thick
"또는 매우 얇게 자른 빵을 사용하세요.
Or use very _______ sliced bread.

train, wear, thin, beach",thin
"나는 그런 짓은 하지 않는다 
I will not do such a _______.

island, pay, mother, thing",thing
"실은 그녀가 정말 멋지다고 생각해.
Actually, I _______ she's pretty cool.

across, think, become, today",think
"나는 배고픈 데다 목도 마르다. 
I am hungry and _______ too.

pool, true      , grape, thirsty",thirsty
"이것은 연필이다. 
This is a pencil.

this, blue, slide, swim",this
"5천원만 더 깍아주세요. 
I want five _______ won discounted.

danger, dial, gas, thousand",thousand
"그 길은 숲 속으로 통하고 있다 
The road runs _______ the forest.

hard, night, climb, through",through
"우리는 또한 철과 강철도 버린다. 
We also _______ away iron and steel.

leg, lamp, throw, stay",throw
"그런 종류의 표도 있어요? 
Is there that kind of _______?

never, capital, rainbow, ticket",ticket
"남자는 넥타이를 매고있지 않다. 
He is not wearing a _______.

or, tie, boat, pocket",tie
"호랑이는 꼬리가 길다. 
A _______ has a long tail.

gold, king, tiger, pass",tiger
"비가 그칠 때까지 기다립시다. 
Let's wait _______ the rain stops.

noise, butter, thirsty, till",till
"네 시간을 빼앗아 미안. 
Sorry to eat up your _______.

king, good, time, send",time
"남자가 약간 지쳤다. 
The man is a bit _______.

field, tired, bottle, afternoon",tired
"너한테 업무적으로 할 얘기가 있다. 
I want _______ speak _______ you on business.

spring, speak, show, to",to
"오늘 깜짝 시험을 봤어요. 
We had a pop quiz _______.

today, sea, evening, silver",today
"함께 모아서 먹어라 
Put it all _______ and eat.

village, together, nose, island",together
"나한테 토마토 하나와 오렌지 하나가 있어요. 
I have a _______ and an orange.

or, blow, tomato, bank",tomato
"내일 아침에 시험이 있다 
We have a quiz _______ morning.

tomorrow, open, corner, ink",tomorrow
"오늘밤에 저희 집 좀 봐주시겠어요? 
Will you house-sit for me _______?

die, bad, handle, tonight",tonight
"그들은 또 많은 질문을 했어. 
They asked a lot of questions, _______.

hour, roll, introduce, too",too
"이빨을 건드리면 아픕니다. 
The _______ hurts when I tap it.

queen, tooth, service, mad",tooth
"우리는 단숨에 꼭대기에 도달했다. 
We reached the _______ in first dash.

dark, farm, top, shoes",top
"그 동전 만지지 마! 
Don't _______ that penny!

sorry, computer, touch, up",touch
"그는 방금 마을에 도착했다. 
He is a newcomer in this _______.

town, neck, silver, gentle",town
"그는 장난감 상자 안을 찾아보아요. 
He looks in the _______ box.

supermarket , shut, by, toy",toy
"그 열차는 여섯 시 반에 도착한다 
The _______ is due at six thirty.

baby, camp, train, home",train
"나는 세계를 여행하고 싶다 
I want to _______ around the world.

student, travel, sugar, once",travel
"소년은 나무를 오르고 있다. 
The boy is climbing a _______.

tree, face, letter, take",tree
"일본 여행은 어땠어요? 
How was your _______ to Japan?

trip, afraid, hundred, bus",trip
"트럭이 차와 경주하고 있다. 
The _______ is racing the car.

tea, kid, truck, or",truck
"나는 참사랑을 믿지 않는다. 
I don’t believe in true love.

true      , light, world, far",true      
"입어 보시겠어요? 
Would you like to _______ it on?

wide, market, try, pine",try
"그녀의 암호명은 튤립이었다 
튤립   Her code name was Tulip.

coin, today, tulip, hose",tulip
"다음 코너에서 왼쪽으로 도시오 
Turn left at the next corner.

banana, present, look, turn",turn
"이것은 저 길이의 두 배이다 
This is _______ as long as that.

welcome, twice, make, tea",twice
"이것은 틀림없이 내 우산이다. 
This is really and truly my _______.

group, umbrella, tired, poster",umbrella
"우리 삼촌은 유명한 의사예요. 
My _______ is a famous doctor.

uncle, wake, roll, map",uncle
"개가 책상 아래에 있다. 
The dog is _______ the desk.

church, pen, under, hall",under
"좋아, 이해하기 쉽게 들리는구나. 
이해하다   Okay, it sounds easy to understand.

music, fall, police, understand  ",understand  
"죽는 날까지 날 떠나지 마세요. 
Don't ever leave me _______ I die.

until, stand, clock, climb",until
"일어서라.
Stand _______!

up, lunch, ceiling, spoon",up
"그들은 많은 물을 사용한다. 
They _______ a lot of water.

morning, than, use, gate",use
"그는 평소보다 빨리 일어났다 
He got up earlier than _______.

picnic, table, thank, usual",usual
"휴가 언제 떠나세요? 
When are you leaving for your _______?

hiking, slow, finger, vacation",vacation
"나는 육식보다 채식을 좋아한다 
I prefer a _______ diet to meat food.

vegetable, tiger, if, pilot",vegetable
"대단히 미안합니다 
I am _______ sorry.

very, dance, night, north",very
"지금 비디오 켠다. 서둘러. 
I'm turning on the _______ now. Hurry up.

surprise, till, wrong, video",video
"마을이 발달하여 도시가 되었다 
A _______ has grown into a large town.

hate, can, dead, village",village
"원하면 언제든 날 방문해도 좋다. 
You can _______ me whenever you want.

television, let, shoot, visit",visit
"그녀는 바이올린을 좋아하지 않는다. 
She does not like the _______.

spend, long, Mrs., violin",violin
"비가 그칠 때까지 기다립시다. 
Let's _______ till the rain stops.

trip, wait, speak, space",wait
"그는 그녀를 깨우려고 애쓰고 있어. 
He is trying to _______ up her.

new, to, wake, sad",wake
"오늘 날씨가 참 좋군요. 걸어갑시다. 
It's a nice day today. Let's _______.

ship, wash, walk, draw",walk
"시계들이 벽에 있다. 
The clocks are on the _______.

not, afraid, wall, page",wall
"학생들은 하고 싶은 일이 많다. 
Students _______ to do many things.

west, rice, want, gate",want
"그는 전사했다 
He was killed in the _______.

butter, sing, war, afternoon",war
"노란색 같은 색들은 따뜻하게 느껴진다 
Some colors like yellow feel _______.

air, warm, win, light",warm
"제인, 먹기 전에 손을 씻거라. 
Jane, _______ your hands before eating.

wash, pilot, salt, then",wash
"시간과 돈낭비일 뿐입니다. 
It's just _______ of time and money.

island, waste, try, strawberry",waste
"다시 또 보고 싶어. 
I want to _______ it again.

telephone, watch, white, church",watch
"물 한잔 마셔야겠어. 
I need a cup of _______.

grandmother , long, play, water",water
"숙녀는 우리에게 길 안내했다.
The lady showed the _______ to us.

way, corner, movie, yeah",way
"우리가 조금씩 돈을 거두면 그를 도울 수 있다 
If _______ chip in, _______ can help him.

face, we, not, dictionary",we
"강자는 약한 자를 보호해야 한다 
The strong should protect the _______

hen, weak, son, usual",weak
"나는 교복을 입고 싶지 않아. 
I don't want to _______ uniforms.

wear, forget, yeah, surprise",wear
"거기 날씨는 어때요? 
How's the _______ where you are?

age, weather, bus, office",weather
"1주일은 며칠인가요? 
How many days are there in a _______?

sorry, week, hair, which",week
"어서 오세요. 여행은 어땠어요? 
Welcome back. How was the trip?

welcome, yesterday , weather, dad",welcome
"우유를 넣고 잘 섞어라
Add the milk and stir _______.

plane, well, wood, give",well
"중국은 한국 서쪽에 있다 
China lies to the _______ of Korea.

hose, easy, subway, west",west
"비가 와서 난 흠뻑 젖었다. 
I was _______ to the skin in the rain.

wet, winter, shoes, ribbon",wet
"이 선물의 목적은 무엇인가? 
What is the purpose of the gift?

show, shape, day, what",what
"다음 버스가 언제 오죠? 
When does the next bus arrive?

send, when, excite, sheet",when
"어디서 이 공책을 샀어요? 
]Where did you buy this notebook?

ship, angry, circle, where",where
"어느 것이 어느 것인지 모르겠다 
I can not tell _______ is _______.

show, bath, which, game",which
"검은 암탉이 하얀 알을 낳는다. 
A black hen lays _______ eggs.

white, wait, dish, chair",white
"누가 경주에서 1등 했나요? 
Who finished first in the race?

who, sing, empty, drive",who
"왜 그렇게 걱정을 해? 
Why do you worry so much?

why, pipe, balloon, line",why
"그것은 넓다. 그것은 넓은 침대야. 
It is _______. It's a _______ bed.

wide, cut, dark, answer",wide
"파티는 우리 집에서 열릴 거야. 
The party _______ be at my house.

will, balloon, mirror, away",will
"우리 팀은 꼭 이긴다. 
Our team is bound to _______.

white, ticket, tape, win",win
"깃발이 바람에 파닥거린다 
A flag flaps in the _______.

wind, early, pink, meet",wind
"여자는 창문을 닦고 있다. 
The woman is wiping the _______.

case, window, oh, vacation",window
"잠자리치고는 날개가 이상하네. 
It has strange _______s for a dragonfly

bed, candy, wing, restaurant ",wing
"겨울에 눈이 많이 오지 않나요? 
Don't you have much snow in _______?

winter, arrive, world, meter",winter
"함께 점심 하시겠어요? 
Do you want to eat lunch _______ me?

key, river, with, meet",with
"여자가 빵을 굽고 있다. 
The _______ is baking the bread.

same, rainbow, woman, book",woman
"네가 시간을 지키다니 놀랍구나. 
You are punctual for a _______.

lie, dirty, wonder, excuse",wonder
"식탁은 나무를 가지고 만든다 
The table is made of _______.

morning, month, real, wood",wood
"다시는 그런 말 하지 말아요. 
Don't ever say that _______ again.

knock, word, then, potato",word
"이 일을 곧 끝내야 한다. 
I should be finishing this _______.

behind, line, work, laugh",work
"나는 세계를 여행하고 싶다 
I want to travel around the _______.

gentle, sheet, dry, world",world
"상상해서 글을 써라. 
Write a story in your mind's eye.

plant, write, empty, may",write
"선풍기는 무엇이 잘못 됐는가? 
What is _______ with the fan?

apartment, low, wrong, weak",wrong
"그래 네가 이겼어
Yeah, you won.

arm, duck, yeah, moon",yeah
"일 년 뒤에 그는 고아가 됩니다. 
A new school _______ began today.

thin, large, year, pick",year
"노란 셔츠를 입은 이 소년은 누구니? 
Who is this boy in the _______ shirt?

spell, ready, smile, yellow",yellow
"네, 물 한잔 주세요. 
Yes. I'd like a glass of water.

let, gray, yes, war",yes
"여자친구하고 어제 헤어졌어요. 
My girlfriend and I broke up yesterday.

throw, famous, yesterday , great",yesterday 
"난 아직도 더 돈이 있다. 
I have money more and _______ more.

hurt, yet, light, at",yet
"당신은 의사인가요? 
Are _______ a doctor?

spell, telephone, deep, you",you
"문 앞에 어린 소년이 와 있어요. 
There is a _______ boy in front of the door.

young, dance, now, smoke",young
"나는 이런 영하의 날씨를 좋아하지 않는다. 
I don't like this sub-_______ weather.

grass, dog, coffee, zero",zero
"동물들이 동물원에 있다. 
The animals are in a _______.

address, minute, zoo, rice",zoo
