Unnamed: 0,Q,A,length
0,기계식 키보드 써보고 싶어요,싼 것도 많던데 써보세요,15
1,사실 여러 가지 글씨체가 있긴 한데 요즘 글씨를 안 쓰다 보니까 너무 맛 가버렸어요,글씨 예쁘네요,46
2,목 캔디 얼마죠?,700원이요,9
3,수요미식회 민호 실화에요?,다음 주요?,14
4,여러분! 보험 가입할 때 선물로 뭐 받으면 좋을 거 같아요?,사은품 고르시는 건가요?,33
5,와와와 이거 방금 홈플에서 발견했어요,한참 늦으셨어요,20
6,6월에 일본 가는 거 2박 3일을 할까 4박 5일을 할까 고민 중이에요,화요일에 갔다 목요일에 오면 비행기 값이 12만 원이고 화요일에 가서 토요일에 오면 17만 원이에요,39
7,줄넘기 가격 얼마 하는지 아는 분 있어요?,"사천 원, 오천 원이에요!",23
8,오 수련회 가셨어요? 즐겁게 노세요! ,재밌어요,21
9,곰돌이 선풍기 가격 배송비 포함해서 얼마인가요? 주소를 못 찾아서요,품절이에요!,37
10,울고 싶어요,왜 그래요,6
11,무민 우유 사고 싶어요,무민한테서 우유가 나와요?,12
12,왼쪽 손등 부딪혔는데 피나요,어쩌시다 그렇게 여러 번 부러졌나요,15
13,그다음은 해외 취업을 목표로 더 노력해야죠,힘내라 ! 캐릭터 창작까지는 곧 할 수 있을 거로 생각해요,23
14,너무 설명 부족했네요,시간 되면 저 가고 싶어요!,11
15,민호 수요미식회 예고에 나오는 햄버거 한군데 거 먹어본 것 같은 느낌적인 느낌이에요,얼마 전에 목격담 올라왔었어요,46
16,오늘 자고 일어나면 입천장 싹 나았으면 좋겠어요,음식을 편히 못 드시니 기운도 없으실 거 같고 얼른 나으셔야 해요! ,26
17,흑흑 집에서는 자꾸 무릎이나 정강이 쪽 부딪혀서 멍이 들고 알바하다가는 팔에 멍드네요,저도 지금 여기저기 박고 다녀서 다리 엉망이에요,47
18,집에서는 자꾸 무릎이나 정강이 쪽 부딪혀서 멍이 들고 알바하다가는 팔에 멍드네요,저는 가끔 저도 모르는 멍이 있어요,44
19,"아, 후추 너무 신경 쓰여요",먹는 후추 열매에요!,15
20,물 마실 때마다 목이 아프다면 병원 가봐야 하는 걸까요?, 마음대로 되는 건 아니지만 노력은 해보세요,31
21,고기 먹고 싶어요,함께해요,9
22,저 조울인가요?,우울감만 지속적으로 반복되는 것도 양극성 장애의 일종이에요,8
23,누구 저랑 완벽한 일본 먹방 여행 가줄 친구 없나요? 관광지는 빼고 진짜 먹으러만 다니게요,일본 가시나 봐요,50
24,혹시 얼마인지 알 수 있나요? 그리고 해외로 보낼 수 있나요? ,아직 업체와 연락이 되지 않았기 때문에 가격은 정해지지 않았어요,35
25,"식전 약, 식후 약, 약 알레르기 방지용 약이에요",약 알레르기 방지용이요? ,27
26,새로 산 귀걸이가 정말 예뻐요,"우와, 귀걸이 예뻐요!",16
27,사탕 가게 아저씨 사탕 주세요,아저씨라는 호칭도 나쁘지 않네요,16
28,짜장면이 2천 원이에요,전체적으로 저렴하네요,12
29,저 잘하면 일본 교환학생 갈 수 있겠는데요,일단 자소서 써야 하는데 이 오늘 알려주고 오늘 다 쓰라네요,23
30,여름 선글라스 준비는 마치셨나요? 올해도 다양한 프레임과 아름다운 렌즈가 있어요,안녕하세요,44
31, 아휴,다 먹고 살려고 하는 일인데 귀찮아도 끼니는 꼭 챙겨 먹어요,3
32,그 시절 우리가 좋아했던 소녀였나 그거 또 보고 싶네요,"아나, 저 그거 보고 분통 터져서 울뻔했어요",30
33,양궁카페 왔어요,우와! 저도 다음에 한번 가봐야겠어요!,8
35,머리 아프고 계속 어지럽고 속 안 좋아서 오늘 그냥 가게에서 밥 안 먹고 바로 집 갈 거라 했는데 밥 먹고 나니까 갑자기 멀쩡해졌어요,퇴근은 만병통치약이에요,74
36,누구라도 좋으니까 고기 좀 먹어요,사주세요,18
37,"아, 회사 들어가기 싫어요",저도 알바하러 돌아가기 싫어요,14
38,이거 정말 마음에 들어요,"와, 화장대 디자인이 아주 예쁘네요",13
39,머핀이에요!,저도 머핀 좋아하는데요,6
40,"와, 우리 매장에 죠스바랑 수박바 떠먹는 거 있어요","와, 너희 매장에 맛있는 거 파네요",28
41,인터넷 숍이랑 매장들 일판 팩 가격 싹 다 올렸군요,일산은 매장 몇 시까지 여나요? ,28
42,여행 가고 싶어요,저도요!,9
43,토요일에 엄마 서울 안 갈 수도 있다는데 어떻게 할래요? 원래대로 토요일 서울에서 만날래요 아니면 그래도 금요일 우리 집으로 올래요?,"그럼 그냥 금요일에 너희 집에서 자고, 서울 가신다 하면 얻어 타고 가고 아니면 그냥 가죠 뭐",74
44,"대체 무인양품이라는 건 뭘까요, 가게 이름이겠지요? ", 일본브랜드인데요,29
45,주문한 하오리 왔어요! 이제 저도 하오리 있어요!  ,아주 예뻐요,29
46,미술학원 가면 뭐 배워요? 저도 가고 싶어요, 학원 가려고요? ,24
47,학교 다니면서 알바하는 사람 진짜 힘들겠네요,그러게요,24
48,"오사카 갈 건데 편의점 음식 맛있는 거 쓸어 먹고, 하루종일 먹으면서 다닐 거예요",첫 답글이지만 일본의 편의점은 먹을 게 상당히 많더라고요! 조각 케이크도 팔아서 먹어봤더니 상당히 맛있고요! 근데 도시락 종류 몇몇 개는 살짝 짠 게 있어요,45
49,여러분 리샐버거 어디 거예요? 맘스터치 거 아닌가요? 메뉴판에 없길래 발걸음을 쌀국수집으로 옮겼어요,맘스터치 맞아요,55
50,여러분 리샐버거 어디 거에요? 맘스터치 거 아닌가요? 메뉴판에 없길래 발걸음을 쌀국수집으로 옮겼어요,맘스터치 맞아요,55
51,커피를 마셨더니 지금 식은땀 나고 세상이 빙빙 돌아요,카페인이 몸에 안 맞는가 봐요,29
52,고기 먹고 싶어졌어요,오빠 저랑 같이 파스타 집 갈래요?,11
53,제가 사고 싶은 게 있는데요,고민하는 이유가 가격뿐이라면 고민하지 말고 사라고 했습니다,15
54,앨범 현장예약 해줄 사람 있나요?,내가 해줄까요?,18
55,망했어요,20만 원이 아니라 30만 원이었어요,4
56,집 가고 싶어요, 힘내세요,8
57,동네 마실은 편한 게 최고죠, 슬리퍼 질질 끌고 나왔어요,15
58,고깃집 할 때 우리 가게 김치말이 국수 진짜 인기 많았는데 비결은 안 알려줄 거예요!,비법은 아주 맛있는 김치일까요! 확실히 자취하면서 사 먹는 김치로 해 먹는 김치말이 국수는 맛이 없던데요,47
59,냉동 가래떡 어떻게 하면 말랑하게 잘 먹을 수 있을까요? 잘못 구우면 겉이 딱딱해서 못 먹겠던데요,"어, 뜨거운 물에 중탕시키는 건 어때요?",54
60,주말에 친구랑 부산 데이트가고 싶었는데 엄마가 고3이라고 못 가게 하네요,몰래 가는 것도 추억이 될 거 같아요,40
61,오늘 치킨 시켜 먹고 싶은데 속이 기름진 거 안 받을 듯해요,속이 왜요?,33
62,우리 내일이면 안녕이에요,아쉬워요?,13
63,진짜 저랑 조개구이랑 곱창 먹어 주실 분 구해요,곱창이요!,26
64,똥 마려운데 집에 좀 가게 해줘요,노상방변 하면 안 돼요!,18
65,에코백 만들고 싶어요,저도 에코백 만들고 싶어요,11
66,티켓 아직도 구하시나요?, 아직 구하는 중이에요,13
67,오늘 점심때 먹은 불 주꾸미덮밥 엄청 맛있었어요,주꾸미 먹고 싶어요,26
68,계란 후라이 해봐요,이건 할 수 있죠? ,10
69,방 탈출 카페 가보고 싶어요,정말 재밌어요,15
70,살려주세요,무슨 일이에요,5
71,용산역이에요! 이제 떠나요!,우와! 행복한 금요일 되세요!,15
72,누가 나 머리 감겨주세요,예랑이 머리 안 감으면 머리가 가래떡으로 변하는 마법을 겪게 될 거예요,13
73,혹시 가격이 얼마 정도 하는지 알 수 있을까요? ,선점 끝났나요?,27
74,저도 고기 먹고싶어요, 고기 맛있어요,11
75,내일 일 갈 생각하니 우울해요,일해야 해요,16
76,님 내일 몇 시까지 놀 거예요?,저 6시에 알바 가니까 한 5시 반이요,17
77,오늘 아직 한 끼도 못 먹었어요, 끼니는 잘 챙기셔야 할 텐데요,17
78,"해장국으로 콩나물국이라도 끓이려고 냉장고를 뒤져봤지만, 콩나물은 없었어요",콩나물국 없으면 계란국이나 미역국도 괜찮아요!,40
79,배고프니 새우깡 먹어야겠어요,제 배 부름 좀 가져가 주세요,15
80,대구 시내 근처 아는 곳은 역시 동산병원 뒤 선교사의 집 산책로뿐인데 예쁜 촬영지 어디 어디 있을까요?,계명대 캠퍼스 어때요?,57
81,같은 브랜드끼리 모으는 게 좋을까요?,색깔별로요!,20
82,나 집 좀 가게 해줘요,택시 좀 잡혔으면 좋겠어요,12
83,연어 먹고 싶어요,제 연어샐러드 보실래요?,9
84,내일 학교 가게 일찍 자요, 다정하네요,14
85,아 목감기 때문에 진짜 죽을 거 같아요,병원 가요,21
86,갑자기 핫초코가 너무너무 마시고 싶어요,나 달달한 거 너무 땡겨요,21
87,내일 점심 뭘 먹을까요?,저도 매일 점심마다 메뉴 고민하는데 정작 가는 곳은 편의점 아니면 맥도날드에요,13
88,내일 노래방 꼭 갈 거예요,내일요?,14
89, 진짜 죄송한데 내일 우체국 못 가게 되면 6월 2일 이후에 보내드리게 될 것 같은데 괜찮을까요?, 가능해요! ,54
90,쓰레기가 산더미인데 업체 부르기 미안해서 못 부르겠는데 불러도 될까요?,부르세요,39
91,어제 분명 3시간만 자고 일어나야지 하고 누웠는데 정신 차려보니 아침이에요,바보네요,41
92,좋은 아침이에요!,좋은 아침이에요!,9
93,앞으로 13시간만 있으면 집 가요, 집 가고 싶어요,18
94,저번에 1년 치는 무슨 2년 치 주사 다 맞았다고 생각했는데 6대 또 맞네요,괜찮아요?,42
96,하와이 가고싶어요,니토도 데리고 가세요,9
97,염색 제일 무난하고 안 튀는 색 추천 좀 해주세요,애쉬 그레이요,27
98,이거 꼭 사야하는 거 아닌가요?,이번에 새로 나온 아바타인가요?,17
99,오늘 태양도 역시 뜨거워요,너무 더워서 지쳐요,14
100,통장 찢어졌나 봐요,가계부라는 통장일기가 필요하시겠군요,10
101,이 차는 오래오래 잘 타야겠어요,차 바꾸셨나 봐요? ,17
102,우쿨렐레 비싸요?," 할인해서 49,000원 이길래 사버렸어요",9
103,3주 만에 맛있는 거 먹어요, 맛있게 드셔요,15
104,무인양품에서 침대를 사려고 하는데 좋나요? ,좋아요!,24
105,노래방 가고 싶어요,노래방 갔다 왔는데 목이 나갔어요,10
106,남자친구 생일이라 밥 먹으러 나왔어요,역시 생일엔 맛난 거죠!,20
107,님들 저 어떡해요, 괜찮으세요?,9
108,그러고보니 요새 작약도 피는 시기였네요,작약? 꽃이에요?,21
109,심심해요,피자 먹어요,4
110,어디 나갈까요?,바람 쐬는 거 좋죠,8
111,오늘 제발 무사히 집에 가게 해주세요,잘 도착했어요?,20
112,이러다가 제 가게가 망해버리는 건 아닐까요? ,어쩌면 좋아요,25
113,토요일 저녁 어떻게 할래요?,맛있는 데 있어요?,15
114, 트위터 왜 이러죠,저도 막 튕겨서 껐다가 다시 켰어요,10
115,완전 내 스타일인데 과즙 넘치고 포도 맛 완전히 사랑해요,맛있는 우유를 먹어야 되겠어요,31
116,작년에 통일 야영할 때 고기 구워 먹었는데 역시나 란별이가 다 먹었어요,전 부대찌개 같은 거 먹었어요,39
117,약간 씨컬로 쫙 펴졌어요,머리 하셨나요?,13
118,저만 티켓 안 왔어요,저도 안 왔어요,11
119,우리 응원봉 가격 아직 안 나왔죠? ,안 나왔어요,20
121,거래 됐나요?, 아직이요,7
122,갑자기 일정 잡혀서 다음 주 월요일부터 당장 출장을 가야 해요,  일정이 어떻게 이래요,34
123,"와, 오늘 삼만 보 가까이 걸었어요", 고생하셨어요,19
124,집에 언제 가죠,집에서 멀어요?,8
125,"아, 모기 문 데 또 문 거 같아요",여기도 벌써 모기가 나와서 죽겠네요,19
126,아직도 퇴근 두시간이나 남았어요,에? 아직 퇴근 못 하셨어요?,17
127,"아, 진짜 노래방 가고 싶어요",전 갔다왔어요~,16
130,3층 가격만 나온 거예요? 다른 가격은 없는 거예요?,다 나와 있는데요? 3층 제외하고 나머지 11만 원이에요!,29
131, 피곤해요,심심하신가요?,5
132,전 제가 가계부 쓰면 덜 쓸 줄 알았는데 아니에요,공감이에요,27
133,"날씨 너무 좋아서 늘어지고 귀찮은 일 해결했고, 아침에 샤워해서 보송보송 기분이 좋아요",와 집이네요,48
134,물음표 몇백 개가 머릿속을 스쳐 지나가요,모모쟌 왜 그래요?,22
135,님들 여드름 패치 같은 거 어디서 사나요?,화장품 가게요,23
136,일단 자야겠어요,밤밤이 어디 아파요?,8
137,이 서글픔과 화를 누군가에게 풀고 싶어요,휴지에 킁하고 풀어요,22
138,세시간 자고 일어나서 가게 열어야 하는데 일어날 수 있겠죠?,못 일어나시는 거 아니죠?,33
139,자다가 역 놓쳤어요,어디가요?,10
140,10시 비행기인데 아직도 7시 반이에요,어디 가시는데요?,21
141,자고 일어나서 하는 일이 씻고 엽떡 시켜먹기에요,너무 부러워요,26
142,자고 일어나서 하는 일 씻고 엽떡 시켜먹기에요,맛있겠네요,25
143,안녕하세요,안녕하세요,5
145,저도 일 가기 싫어요, 목 안마라도 받아야 하는 거 아니에요?,11
146,포토샵 가격 얼마나 해요? 그냥 살까요,어도비 홈페이지 가시면 패키지 월마다 분할 납부해서 1년 단위로 사용하실 수 있어요,21
147,와 나 배가 이렇게 많이 나왔었나요?,제 이야기 해요?,20
148,너무 귀찮아서 카메라 두고 나왔어요,카메라에 투자해놓고 왜 안 쓰시는 거죠?,19
149,지금 일어나버렸어요,점심은 맛있대요? 늦잠 자도 괜찮아요! 혼내는 사람 없어요! ,10
150,이벤트 당첨됐는데 행사 못 가게 돼서 답글 써요,그러시군요,26
151,토오루 오늘도 좋은 하루 보내요, 유려쨩도 오늘 하루도 운 좋은 하루가 되길 바라요,17
152,오! 점심시간이에요!,메뉴는요?,11
153,요새는 제법 덥군요,바람이라도 불게 해드려요? ,10
154,주말인데 뭐해요?,주말이어서 게임해요,9
155,뭐라도 먹어야 할 텐데 좀 일으켜서 밥하러 가게 해주실 분 있나요?,드셨나요?,37
156,와플이 당겨서 사 먹었어요,엄청 맛있겠네요!,14
157,일본 가서 꼭 먹어야 할 베스트 7 올려주세요,닭꼬치 집이요,25
158,과자 딱 절반만 먹으려고 했는데 정신 차려보니까 없어요,계속 먹게 되는 과자에요,30
159,밥 먹으러 왔어요!, 맛나게 드셨어요?,10
161,굉장히 오묘한 맛이에요,맛이 이상해요?,12
162,5 3,어? 아닌가요? 삼천 원이에요?,3
163,B,C,1
164,점심은 잘 챙겨 먹었나요? 저는 지금 가게에서 일하는 중인데 오늘도 역시 피곤하군요,네! 점심 잘 챙겨 먹었어요! 주말도 일하시니 피곤하시겠네요,46
165,노트북 사야 되는데 노트북에 대해 잘 몰라서 미치겠어요,어디에 쓰시려고요? 가격은 어디까지 생각하세요?,30
166,부산에서 서울 올라가는 버스 얼마 해요?,일반이 만육천오백 원인가 해요,22
168,어제 손가락 찧어서 곧바로 시퍼렇게 멍이 들었는데 금이 가거나 그런 건 아니겠죠,혹시 부어올랐나요?,44
170,염색하는데 두피 아파요, 무슨 색으로 하시나요?,12
171,가정폭력 당하면 진짜 어떻게 해야 해요?,일단 상담받을 수 있는 기관으로는 1366의 한국 여성의 전화와 1577-9337의 건강가정지원센터 같은 곳 있어요,22
172,연어  먹으러 왔어요! 맛있어요!,저도 지금 연어 먹어요!,18
173,홍대 노란 풍선 대란이에요,뭐예요? 오늘 무슨 날인가 봐요,14
174,매장에서 커피에 넣어 마실 우유를 부탁드렸더니 제공량에 제한이 있다고 하시던데요,서비스의 세부 방침은 각 나라별로 달라 다른 나라의 제한 사항은 정확히 말씀드리기 어려워요,44
175,고든램지 시리즈 중에 웃긴 거 엄청 많네요,이런 거요?  ,23
176,우와! 나도 오레노 가고 싶어요,"저번에 이랑 오고 처음 왔는데 이제 예약도 되고, 여전히 싸고 맛있는 거 같아요",17
177,포크 없이 어떻게 먹으라고 하는 거죠? 친구네 아파트 근처에서 한 시간 반가량 떠돌다가 얻은 핫케이크에요,맛있네요,58
178,초밥뷔페 왔어요,쿠우쿠우 괜찮아요?,8
179,"결제할까 말까 할 때, 비행기 티켓이 없어지고 가격이 160만 원이 되었네요",쿠키랑 캐시 지우고 해보셨어요? ,42
180,난 물만두가 좋아요,저도 물만두 좋아해요! 먹기 편해요,10
181,실례할게요! 전차스 관련으로 문의 드릴 게 있어서 연락 드려요,원하시면 준등기까지 배송에 포함시킬게요! 혹시 이미 주문하셨다면 말씀해주세요! ,34
182,학교 졸업하고 났더니 한인가게 갔을 때랑 가족이랑 통화할 때 빼고 한국어로 말 할 기회가 없어요,나 한인가게 가서도 일본어 해요,53
183,올리브영 랩피토 젤 이거 진짜 완전 추천 아이템이에요,진짜예요,29
184,소소한 망원 여행 중이에요,망원 별 여행자셨군요,14
185,아사쿠사에 있는 생맥주 자동판매기에요,홍대 코다차야에 있어요,20
186,저는 오늘 너무 힘들어서 불한당 못 보고 아는 언니가 부산 서면에 인문학 서점을 오픈했는데 여기 왔다가 피자 먹고 집에 가게 돼버렸네요,서면의 책방밭개 많이 오세요,75
187,아까 홍대에서 길 가다가 아이스크림 받았어요,오! 뭐예요!,24
188,아까 홍대에서 길가다가 아이스크림 받았어요,이거 와우 무법항에서도 막 뿌리던데요,23
189,이거 범일동 같은데요,범일동 금은방 가게는 미로라고 할 정도로 길지가 않아요,11
190,티켓팅 다음 주 월요일인 거 진짜예요? ,다음 주 월요일이 2일 남은 게 실화에요? ,22
191,티켓팅 담주 월요일인거 진짜에요? ,다음주 월요일이 2일 남은게 실화에요? ,19
193,관리 좀 하세요,돈이 없어요,8
194,참기름통 깨져서 다이소로 사러 갔는데 한창 고르는 중에 누가 저기요 저기요하고 직원을 불렀어요,그래서 뭐라 했어요? ,52
195,윤수 언니! 시간 괜찮으시면 오늘은 안 되겠지만 저는 오늘만 아니면 언제든 괜찮은데 녹음에 대한 거 여쭤봐도 돼요? 오늘은 제가 시간이 안 되지만 내일부터 언제든 가능해요, 어떤 건데요? 나도 잘 모르지만 아는 거라면 알려줄게요! ,95
196,기호성 좋은 고양이 주식캔 추천 부탁해요,저희 집 냥이들이 먹을 수 있는 습식캔이 점점 줄어들고 있는데 여전히 아보덤 치킨은 엄청 잘 먹어요,22
197,"데이터 무제한 요금제인 줄 알았는데, 데이터 7기가랑 영화 300분짜리 요금제라 조금 시무룩하네요",기본료 얼마죠? ,54
198,여러분 잘 지냈나요? How have you been?  ,오빠 어디세요? 오늘 홍대 놀러 와요,32
199,오늘 이랑 백화점 갔는데 이 여름 모자 사주셨어요,인증샷 기대할게요,27
200,초밥 먹고 싶어요,이마트에 10시쯤 되면 시작하지 않아요? ,9
201,혹시 정신과 치료 받아보신 분 있으세요? 괜찮다 싶으면 저도 좀 받아보고 싶네요, 저는 솔직히 가격에 비해 엄청 도움 된다고 까지는 못 느꼈는데 치료받는 시간만큼은 편했던 거 같아요,44
202,호야초밥 가고 싶어요,호야초밥 저도 진짜 좋아해요,11
203,오늘 새우튀김 먹었는데 제 인생 튀김 됐어요,튀김이 너무 예뻐요! 드레스 입은 거 같아요,24
204,"오늘은 대전의 숨은 맛 집, 아는 사람은 알아서 가는 이곳을 찾아봤어요",트위터 보다가 너무나 배고파졌어요,39
205,가져본 적도 없는데 그것보다 필요한 게 채 채워지지도 않았는데 뭘 더 비워야 하나요,일단 덕후들은 미니멀리즘 못할 것 같아요,46
206,여러분 치킨 뭐가 맛있어요?,굽네나 교촌 어때요? ,15
207,오늘 개장한 서울 고가공원에 사람 진짜 많네요,다녀오셨나 봐요,25
208,제 오랜 애정템인 코겐도 파운데이션보다 톰토드가 아주 약간 더 낫다는 소식인데요,저 목요일에 벼르고 벼르다가 코겐도 파운데이션 주문했는데 아주 조금 톰포드가 좋다면 톰포드로 재주문 할까 봐요! 가격차이는 브랜드가 주는 충족감으로 채워지니까요,44
209,"아니, 우리 동네 왜 노래자랑할까요? 시끄럽네요", 우리동네 사세요? 지금 저희 아파트는 주민 잔치한다고 노래자랑해요,26
210,국밥집은 찾아 갔지만 재료가 부족해서 못 먹고 허탕치고 돌아왔어요,안녕하세요 ! 내일 대구 어머님 국밥집 가려고 하는데 혹시 언제 휴업일인지 알 수 있을까요? 아무리 찾아봐도 안 나와서 혹시 가게에 쓰여있나 해서요!,36
211,가고 있어요?, 지금 대전이에요,7
212,맛있는 게 뭐가 있을까요? 강남 한 번 가볼까요? 신분당선 타면 얼마 안 걸려요,강남 갈 거면 쉑쉑버거 한 번 가보는 게 어때요? ,44
213,솔직히 유니클로 브라탑 별로 편하지가 않아요,핏은 별로이긴 해요,24
214,다들 드림 콘서트 몇 시쯤에 가요?,전 6시에 출발할 듯해요,19
215,"아니, 말도 안 되는 게요",네? 님은 괜찮고요? ,14
216,디지몬 쌓기 인형 입고되었어요!,가격이 어느 정도 되는지 알 수 있을까요? ,17
217,학교 동기들이랑 칵테일 바 왔어요!  ,와! 칵테일 너무 이뻐요! ,21
218,야구장 세 번 갔는데 세 번 다 졌네요,다 가면 승률 50퍼 근처는 나올까요?,21
219,고추참치 버거 왜 이렇게 매워요?,우유 마셔요,18
220,프레디 피자가게 게임하고 싶은데 스팀에 한국판 있어요?,플레이하면 연락하세요,30
221,느긋한 시간 보내고 있어요?,오랜만이에요,15
222,오늘 예술의 전당 신세계스퀘어 야외무대에서 있었던 오페라 갈라 콘서트 사회자가 비정상회담 알베르토였어요,오! 실물 잘생겼나요 ? ,57
223,서면에 찜질방 괜찮은 곳 있어요?,해운대 아쿠아펠리스 강력 추천해요,18
224,오늘 귀 뚫었는데 생각보다 아프고 아픈 것도 오래가고 계속 얼얼하고 이래서 계속 헝헝 이러니까 가게 직원분이 나 엄청 안쓰러워했어요,이제 관리 못하면 곪아요,73
225,동작구나 동작구 근처에 사시는 분 있으세요?,우리 집에서 1시간 거리네요,24
226,"아, 진짜 화장실 가고 싶은데  있는 데다가 가게에 나 혼자 있어요","아, 저 그 마음 너무 잘 알아요",37
227,와 오늘 너무 많이 먹었나 봐요,소화제 먹었어요?,17
228, 영화관에서는 핸드폰 무음으로 부탁드려요,반딧불이네요,22
229,야밤인데 라면 먹고 싶어요,조금 끓였다가 면 조금 먹고 원하는 정도의 꼬들함이 나올 때까지 계속 먹어보세요! 저도 다른 방법을 알아보려고 했지만 이게 제일 좋은 방법인 거 같아요!,14
230, 파이널 판타지를 켜기만 하면 컴퓨터가 틱 하고 꺼져요,진짜요? 포맷하고 드라이버 깔았어요? ,30
231,난 보충제 먹는 거 끔찍하게 싫어하는데 이대로 매일 우울하게 있다간 내 뇌세포가 죄다 없어질 것 같아서 오메가3를 구입했어요! 추천해 준 점원 말로는 꽤 효과가 있다던데 궁금해지는군요,방금 손에 폰 들고 트위터하면서 폰을 찾는 내 자신을 보니 필히 챙겨먹어야겠다는 생각이 들었어요,102
232,나 오늘 러브 어페어 일등 당첨됐어요,언니 갔었어요?,20
233,커피도 공정 무역 문제로 안 먹고 있는데 초콜릿까지 이렇다니 카페 가면 뭘 먹어야 하나요,공정무역 제품 밖에 답은 없지요,49
234,보통 엽기 떡볶이 먹을 때 매운 맛 조절 어느 정도로 해서 시켜 먹어요? ,그거 매운맛 조절 있는 데도 있고 없는 데도 있을 텐데 100% 해달라고 해도 미치고 팔짝 뛸 정도는 아니던데요,41
235,요즘 너무 늦게 자네요, 제때 밥 챙겨 먹어요,12
236,지금 볼링장이에요,지금요? ,9
237,님들 진짜 수상한 파트너 왜 안 보세요? 제발 보세요,저 고민 중인데 재밌나요,29
238,초밥 중에 고기나 새우 초밥 같은 것도 초밥 뷔페에 있나요? 생선은 못 먹어요, 저는 갔을 때 있었어요,43
239,초밥 중에 고기나 새우 초밥 같은 것도 초밥 뷔페에 있나요? 생선은 못먹어요,초밥 뷔페 가서 장어랑 고기랑 계란이랑 엄청 먹었어요,42
240, ,전 초밥 뷔페는 잘 몰라요,1
241," 일본 여행 갔을 때, 예산 얼마 들었는지 물어봐도 될까요",오사카 기준으로 60만 원 들고 갔어요! 방 값 10만 원이고 하루에 10만 원정도 썼어요,32
242,홍대 갈 거예요,언제요?,8
243,대자연을 앞둬서 그런가요,매운 거 좋아하시나 보네요,13
244,공기청정기 수면 모드로 돌리고 자야겠어요, 공기청정기 좋나요? 살까 말까 한 달째 고민 중이에요,22
245,밤이니까 솔직한 이야기를 해봐요,이 기회에 메인보드를 업그레이드해요,17
246,그리마가 거미보다 징그럽더라고요,뭐라고요? 허벅지에 그리마요? ,17
247,남편 보고 에이치 마트 들른 김에 하림 삼계탕 세일하면 왕창 좀 사오랬더니 2개에 $15,저도 어제 두 개만 샀는데요,49
248,8월에 일본 혼자 가기 싫은데 같이 갈 사람 어디 없어요? ,아쉽네요,33
249, 오늘 본다, 희망농구 가세요?,6
250,"색조 제품 중에 블러셔, 섀도, 립은 무한대로 사도 더 사고 싶고 전혀 아깝지 않은데 개인적으로 색조가 아닌 파운데이션, 하이라이터, 쉐딩은 여러 개보다는 인생 상품 하나로 정착하고 싶어요",전 하이라이터는 색조라고 쳐서 여러 개 모으고 싶은데 파운데이션 쉐딩은 정말 공감이에요! 진짜 찰떡처럼 딱 잘 맞는 거 찾고 싶네요,105
251,빨리 폰 사러 가야 해요,폰 부서졌어요?,13
252,이야!,아침엔 갈수 있는 가게가 거의 없어요,3
253,이 작년에 보내준 가라아게 가루로 드디어 가라아게 만들었어요!,"아, 뭐예요? 맛있었어요? 나도 가라아게를 집에서 생산한 적 있는데 숯덩이 나와서 깜짝 놀란 적 있었어요",34
254,어제 진짜 피곤했나 봐요, 온몸이 다 아파요,13
256,아 진짜 오사카 숙소 어디쯤 잡죠? ,전 산노미야 근처 잡고 그냥 오사카 왔다 갔다 할까 생각 중이긴 한데 아니면 라이브 1일차까지만 산노미야에서 자고 2일차 때 오사카 와서 자려고요,20
257,언니 못 가요? , 아빠한테 들켰어요,9
259,닭고기 샌드위치를 사고 싶었는 데 없어서 돼지고기 샌드위치 샀어요,돼지고기 샌드위치가 3000원 정도에요?,36
260,몇 시 입장인지도 모르고 왔어요,오전 햇살도 엄청 따가울 텐데요,17
261,옛날 서울 코믹월드 가려고 대략 5호선 타기 시작했을 때부터 지하철 칸 안에 코스프레한 사람들 득실하고 그랬던 거 생각나요,"여의도 시절 서울 코믹월드 세대였어요, 너도? ",68
262,긴 머리니까 가발 쓰기 너무 불편해서 단발로 잘랐어요,이제 단발 병이 와서 머리를 못 기르실 거예요,29
263,오늘 처음으로 티라미수 폐기가 나왔어요,티라미수 먹어보고 싶어요!  부러워요,21
264,오늘은 커피가 더 다네요, 무슨 커피 드세요?,13
265,저기가 돈키호테예요,올 때 곤약 젤리 사 와요,10
266,놀러 가기 전에 회사를 오다니 너무 거지 같네요,어디 가요?,26
267,혹시 어디쯤이세요? ,10분 정도 늦을 것 같아요,11
268,동전 노래방 가고 싶어요,가실래요? ,13
269,분명 원고한다고 앉아 있었는데 일어나니 아침이네요, 지금 원고 폭탄 아니신가요? ,27
270,안양 1번가 가챠샵이라는 가게 있는데 거기에 프리파라인가 게임기 하나 있던데요,내일 입대에요,43
271,밖에 엄청 더운가 보네요,저 친척 결혼식 때문에 홍성 왔는데 햇빛이 따가워서 아파요,13
272,"아, 피시방 가고 싶어요",전 제가 오버워치를 못해서 재미없어요,13
273,현재 날씨 말이 돼요? ,어떤데요?,13
274,또 가게되면 이번엔 못간 히메지 성을 가고 싶어요,교토에서 히메지 성 가시려면 편도 두세 시간 잡으셔야 하니까 하루 아예 빼세요,27
275,"아, 오늘 6시에 노래가 나오는 거죠? 오늘 6시 이후로 우리 가게 플레이리스트에 울고 싶지 않아를 아주 꽉꽉 채어놓겠어요",22일 오후 6시 아니에요? ,68
276,근데 수도권 근처에 그렇게 금방 속세를 떠날 수 있을 만한 한적한 시골이 있어요? , 양주요,46
277,cgv 남포 두 번째로 온 거 같은데 의자 별로네요,오싹했어요,28
278,하프 마라톤 격파하고 맥주 맥주를 외치며 동네로 돌아왔는데 시간이 너무 일러 문 연 곳이 없네요,편의점은요?,53
279,좋은 아침이에요,좋은 아침이에요! 어제 조금 늦게 자긴 했지만 아침에 기분 좋게 일어났어요,8
280,순하리 사과 맛 매우 맛있네요,낮부터 달리는 거예요? 엄청 맛있죠,16
281,와! 비도 안 왔는데 하늘에 무지개 구름 하나 떴어요! 너무 예뻐요!  ,안녕하세요 처음 말을 걸게 되네요,40
282,"동네에 인생 순대 국밥집을 찾았는데 뚝배기에 순대랑 곱창, 허파, 머리고기 등의 부속고기가 반절은 들어있어요",이태원이에요?,60
283,돌봐주고 있는 길 고양인데 엄청 귀엽지 않아요?  ,귀여워요,28
284,나 군대 가기 전 명지전문대 다닐 땐 공항철도가 없어서 버스하고 지하철 타고 부평 가서 1호선 타고 신도림에서 2호선으로 갈아타고 합정에서 갈아타서 새절역에서 또 버스 타느라 학교가는데 약 3시간 걸렸었는데 전역하고 공항철도 타고 가니 1시간 반 걸리더군요,저는 공항철도 타도 거의 두 시간 걸려서 결국 자취해요,143
285,광화문 근처에서 막대 토치 파는 거 진짜예요?,횃불이라 하죠,25
287, 독서실 가야겠어요,독서실 가면 잘 돼요? ,10
288,어느새 시간이 이렇게 됐네요,일어나셨어요 ?,15
289,혼자 놀기 장인을 찾아요,나랑 놀아요,13
290,오늘 햇빛 너무 강해요,날씨가 너무 후끈후끈해요,12
291,"치킨 먹을까요, 족발 먹을까요? 나 뭐 먹죠? ",치킨 먹을까요 족발 먹을까요? 나 뭐 먹죠? ,26
292,육회 먹고 싶어요,육회 먹으러 가요,9
293,어디로 갈까요?,"아르헨티나로 가요! 부에노스아이레스가 좋을까요, 산타페가 좋을까요? ",8
294,생각해보니까 익산에 없는 거 매우 많아요,우리도 없죠,22
295,늦었지만 모두 맛있는 점심 하세요! 여러분들은 뭐 드시는지 궁금해져 버렸네요, 많이 먹어서 배불러요,42
296,상추튀김 모르는 사람 진짜 많네요,저도 몰라요,18
297,아사쿠사를 밤에 갔어야 했어요,밤에 가면 별로인 동네예요,16
298,깨끗했던 내 피부가 아토피로 더럽혀지면 기분이 안 좋아요,아토피요?,31
299,내가 왜 한복을 입겠다고 했을까요? 찾기 힘드네요,류현 님! 혹시 연남동은 머세요? 저 일하는 곳 근처에 개량한복 파는 곳이 새로 생긴 것 같은데 언뜻 보기에 예뻐서요! ,27
300,제발 어르신들 남이 살이 쪘든 말든 관심 가지지 마세요,진짜 무례하네요,30
301,오! 내년부터 저 월급 오르는 거예요? 그런 거예요?,드디어 군대를 갔다 와도 남는 게 있는 시대가 열리는 것인가요? ,29
302,피자 먹었어요,부러워요,7
303,학원  답장 좀 보세요,이응 하나라니 무슨 저런 경우가 있을까요,12
304,방 탈출 카페 얼마 정도 해요? ,인당 만 오천 원이었나요? 아닌가 더 비쌌나요,18
305,몸살에다가 체해서 요양 중이에요,어서 쑥 내려가시기를 빌어요,17
306,이번 방학 때는 진짜 혼자 제주도 여행을 가야겠어요,우와! 제주도요?,28
307,가계부 쓰면 절약하게 된다는 거 정말 거짓말이에요,쓴 걸 보고도 아무 감흥이 없으니 그렿죠,27
308,옷 사러 타임 스퀘어 갔다가 홍진영 보고 왔어요,나가길 잘했어요,26
309,"아, 그냥 머리 자르지 말까요?  ",진짜 길어요,19
310,수학여행 간식이랑 도시락 재료 사러 가야 해요,내가 3명이면 한 명은 만화 보고 한 명은 그림 그리고 한 명은 수학여행 짐 좀 싸고 도시락 재료 좀 싸와줘요,25
311,고미야 너 생각나서 샀어요,너무 귀여워요,14
312,다음 주에 부산 가서 뭐 먹죠?,부산 토끼섬 카레요,17
313,외출하면서 번데기 사 먹었는데 벌써 2천원이라니요,번데기가 2000원이요? 물가 엄청 올랐네요,27
314,뭐야? 한화랑 삼성이랑 벤치클리어링 났어요? 세상에 우리 팀은 박승욱이 홈런을 쳤네요,진짜요?,47
315,다이소에서 무려 3만 원어치를 질렀어요, 부자네요! ,21
316,팝업스토어 시작하는 날에 가는게 좋을까요?,사람 터질 거 같아서 다음날 가려고는 하는데 조별과제 때문에 고민중이에요,23
317,수입과자 대체 원가가 얼마일까요? 똑같은 젤리가 다른 가게에서 각가 다른 가격으로 파는 걸 봤는데 가격차이가 너무 심했어요,저 아는 곳은 유통기한 다 될수록 미친 듯이 내려가더라고요,68
318,제가 어제 너무 저조해 보였나 봐요,우리 타래 님 얼른 기력 회복하세요,19
319,"아, 뭔가 갈 수 있을 거 같기도 한데 너무 모험이에요",갈 수 있으시면 가세요! ,30
320,우나기동이에요,요즘 일본 우나기동 가격 진짜 심하더군요,7
321,신촌에 있는 타코 가게 문에 타코벨 좋아하거나 타코벨 음식 좋아하는 사람 출입 금지라고 있는거 늘 왜 그러는지 궁금해요,거기 타코집 유명한 곳인데 그 집  근처에 떡하니 타코벨을 짓고 관련 사람들이 염탐하러도 오고 그래서 붙인 걸로 알고 있어요,66
322,내가 다니기로 한 학원 시스템 진짜 좋아요,어떤데요?,23
323,피자를 시키려는데 어디 피자가 좋을까요?,알볼로요!,22
324,사실 저는 군대에 있었을 때 YTN 뉴스에 나온 적이 있었어요,전북 임실은 제가 가게 될 곳이군요,34
325,엥? 스탠딩 존에 앉아 있는 거 가능한가요? ,무대 안 하고 있으면 잠시 동안 앉아있어요! ,25
327,짧은 머리 좋아요,잘생긴 냐냥이 부럽네요,9
328,평양냉면 생각이 사무치네요,제주는 제주니까 당연히 좋고 안양은 관악관 평양냉면이 있어 좋아요,14
329,잔고를 200만 원 이상 유지하려다가 그냥 아이패드 프로랑 애플 펜슬 샀는데 진짜 후회 없네요,잔고 200만 원을 넘어본 적이 없는데 부럽네요,52
330,내 신발에 있는 무민이들 나들이 나왔어요,진짜 귀여워요,22
331,백미 초파리 잡으면 꼭 먹을래요,새콤달콤 같은 것도 꼭 간에 기별이 가서 먹는건 아니잖아요,17
332,딤섬! 내가 좋아해요! ,안녕하세요! 딤섬이 무엇인가요?,13
333,아무래도 난  만화랑 개그코드가 제일 잘 맞는 것 같아요,학원기이야담인가 그 만화 그리신 분이었던가요? ,31
334,내 사랑스러운 간식들,마카롱 진짜 작아요,11
335,뭘 먹어야 할까요? 배가 고프고 오늘도 혼자서 맛있는 걸 먹을 건데 뭘 먹고 싶은지 감이 오지 않네요,여러분이 지금 먹고 싶은 걸 부디 추천해주세요,56
336,우리 동네에 인형가게 없죠? ,인형 가게요? 어떤 인형 가게요? ,16
337,내 옷도 안 사는데 내 애들 옷을 사고 있네요,"아,  너무 귀여워요",25
338,"휴, 덥네요",그곳이 저희 가게예요?,6
339,애쉬 바이올렛으로 염색하고 싶은데 염색약 괜찮은 것 없나요? 애쉬 계열 색  잘 빠져서 미용실 가기엔 돈 아까울 것 같아요,웰라 염색약이요! 아니면 헤어매니큐어도 괜찮으면 안토시아닌이요! ,68
340,비앤비라고요? 대박이네요,8만 원대요,13
341,태블릿 내일이나 모레 중으로 올 거 같아요! 중국에서 인천으로 왔어요,우와! 어떤 브랜드 제품 사셨나요! ,38
342,상병이 25만 원 이래요,와우! 많네요,13
343,"와, 아까 엄청 잘생긴 안경 미남  왔다 갔어요",붙잡고 빵을 먹여서 못 나가게 했어야죠,26
344,버거킹은 우리 집 근처에 걸어서 갈 수 있어요,진짜 부러워요,25
345,두부 부치려고 했을 뿐인데 팬에 불붙어서 불 쇼했어요,그것은 찌개용 두부였어요,29
346,에어컨을 튼 지 한 시간이 넘었는데 아직도 너무 더워요,저만 그런 게 아니었나 봐요,30
347,배고파요,빌라드 스파이시 맛있죠! ,4
348,누가 과자 사서 문병 좀요,어디 있어요? ,14
349,갑자기 생각난 게 나 일본 갔을 때 어느 가게 들어갔는데 400엔을 400원으로 내놓고 간 한국인이 있었어요,"아니, 어떻게 400원을요? 아니 웃으면 안 될 것 같은데 어이가 없어서요",60
350,홍대 제과점 다녀왔는데 정말 퀄리티는 인정해요,오! 재밌었겠어요,25
351,이럴 수가! 여러분 저희 동네에 국카스텐 오는 거 실화에요?,진짜요? 진짜 국가스텐 와요? 진짜요?,33
352,"아, 진짜 미쳤나 봐요",왜 그래요 목?,12
353, 나 담배가게 아저씨 직접 들을지 몰랐어요,담배가게 아저씨 들었어요?,23
354,그제는 핸드폰 손에 쥐고 가방에 핸드폰 없다고 난리 치더니 오늘은 고무줄 없다고 난리였어요,나도 그래요,50
355,웃긴 건 삼겹살 먹는 장소가 치킨집이에요,닭 집에서 돼지를 구워요?,22
356,확실히 일요일 주말에 도쿄행 버스를 타는 것은 위험이 따르네요,메모해둬야겠군요,34
357,난 뭐 하나 꽂히면 그거만 먹는데 이번엔 짜장밥에 꽂혔어요,전 베이컨요,32
358,오늘 먹은 거는 모두 이렇게 돼요,크레페 어디서 먹어요? 어디서 사셨어요? 서울에서요? ,18
359,여름 방학 때 기차 타고 부산으로 가서 아쿠아리움을 가고 싶군요,저 부산 살아요!,35
360,그 뭐죠? 기프티콘 잘 써본 사람 있으세요? 저 선물 받았는데 안 쓸 거 같은데 가지실 분 있으세요? 초코에몽요,저요! ,62
361,"요즘 영양제에 관심이 많아져서 멀티비타민, 오메가3, 아연, 레시틴 4가지를 꾸준히 먹고 있는데 딱히 체감이 오진 않아요",진짜로 우루사는 효과 있어요,67
362,내 동생이 문구점에서 파는 2천 원 짜리 다마고치 사 왔어요,와! 어디서 본 것만 같은데요? ,33
363,사랑하는 사람에 우리 형 들어가는 건 어떻게 알았어요? 저녁 챙겼어요? ,늦은 점심이자 이른 저녁에 먹었어요,40
364,이제 여름이고 해서 새 옷 좀 살라는데 왜 이렇게 구린 것뿐일까요? ,여름 옷은 진짜 살 거 없어요,38
365,귀 뚫고 싶어요, 보통 어디서 뚫어요? 김해는 없죠? ,8
366,철도에는 왜 돌멩이가 깔려있나요? 궁금해요,자갈도상 궤도의 장점은 소음이 적고 배수에 아주 용이하고 그리고 가격이 다른 도상 설계 법에 비교하면 굉장히 저렴하기 때문에 자갈도상 궤도를 사용하죠,23
367,서울 살고 싶어요,어디서 어디 가시는 거예요?,9
368,깐도리가 요즘도 있네요,예전 그 맛이 아니던데요,12
369,우리 학교 근처 아르바이트 구하는 곳들 거의 다 시급 4000원이거나 4500원 주는데 다른 지역에서 살던 동기가 여기 왜 이러냐고 물어봤었어요,그러게요,80
370,피방에 팝콘 사갈게요,진짜 팝콘을 튀기는 군요,11
371,"아, 피곤한데 기숙사 가 볼 타이밍 좀 재볼까요?",차라리 찜질방은요? ,27
372,"올해 만날 수 있는 사람들은 잔뜩 만나고, 그릴 수 있는 건 잔뜩 그리고, 할 수 있는 건 잔뜩 해놔야 할 것 같아요",올해도 잔뜩 하시고 내년에도 잔뜩 하시면 되죠,65
373,이 층짜리 고깃집이고 엄청 크고 을지병원 사거리인 거 같은데 가게 이름이 생각이 이렇게 하나도 안 날 수가 있을까요! ,혹시 삼겹살집 말씀하시나요? ,66
374,대학로에서는 뭐하고 놀아요? 밥 먹고 공연보는 것 밖에 안 해봤어요,사람들하고 같이 있으면 방탈출하고 두명이면 안마카페 추천해드려요! 혼자 있다면 역시 공연기다리기 또는 공연기다리기 혹은 공연기다리기가 있어요,37
375,정말 우리 기계도 삼천만 원이라 가격 말하면 만지려다 흠칫들 놀라셔요,에스프레소 머신요? ,38
376,내 저녁이에요,아보카도는 무슨 맛인가요? ,7
377,결국 치킨과 맥주를 시켰어요,무슨 치킨 시키셨나요?,15
379,왜죠? 나 방금 숨쉬기 밖에 안 했는데 왜 갑갑하죠?,"아, 내일이 월요일이라서 그런가요? ",29
380,주말에 우리 가게에서 점심 때우는 간호사들이나 다른 아르바이트들 보면 1초 동병상련이 느껴져요,우리 모두 동일 노동 동일 임금! 구호를  외쳐요,52
381,방금 닭발 먹고 왔는데 국물에서 거즈 나왔어요,이런!,25
382,부산까지 자전거를 어떻게 갖고 가요? ,부산에서 다시 어떻게 갖고 와요?,21
383,무한리필 집 혼자 가면 안 되나요? ,혼자 가서 가게를 탈탈 털고 오는 거예요,20
384,과제 싫어요,과제 많아요?,6
385,"네일 숍 가면 이런 손톱도 괜찮은가요? 아, 근데 너무 못났어요",인공적으로 손톱 연장도 해줘요! 그래서 길이나 모양 상관없이 할 수 있을 거예요,35
386,"아, 쓰레기 버리러 가야 하는데 세상 귀찮네요", 하지만 잘 버리게 되는 방법이 있어요,25
387,슬슬 데스크톱 맞춰 보고 싶어요,데스크톱 맞출 때 견적 보내주세요,17
388,혹시 누드 크로키라던가 인체 배우기 좋은 책 아는 분 계시나요?,저 잘은 모르겠지만 보통 크로키는 루미스 많이들 얘기하지 않나요? 안 그래도 저작권 만료돼서 무료 다운된다고 하던데요,35
389,오늘 잔다고 아침만 먹었는데 이 시간에 뭐 먹기는 또 그렇네요, 엄청 배고프실 것 같은데 과일 있으시면 과일이라도 드세요,34
390,컵밥 맛있었어요!,맛있겠네요,9
391,내일 휴강이라 학교 안 가는 사람 저예요!,부러워요! 저는 야자하고 학원까지 가야 해요,23
392,얼마 전에 강남 가서 먹은 카레 너무 맛있었어요,가게 이름이 뭐예요?,26
393,중국 고대에서 여성 억압에 대한 상징으로 대표되는 전족을 왜 했냐고 물어보면 정말 순진한 사람들이 발이 작은 사람들이 당대 미인으로 꼽혀서라고 말하는데 도대체 얼마나 미화시켜 알고 있는 건가 생각해요,성적인 의미 아니었던가요? 뭐였죠?,111
394,"아, 학교 환멸 나요",안 가면 가고 싶고 갈 때는 가기 싫던 곳이에요,11
395,"편의점 갔다 왔는데 앞에 계산하던 사람한테 아르바이트 생이 담아드릴까요? 물으니까 아, 그럼 어떻게 들고 가라고 이러는데 그냥 네 하면 될 거 가지고 왜 사람 무안주고 그럴까요","아, 진짜 그런 사람 너무 싫은데 진짜 많아요",98
396,카메라는 어디 거가 좋아요? 그냥 궁금해서요,Dslr? 미러리스? ,24
398,과제 제출 30분 전에 3일 미뤄졌다고 공지 떴어요,미뤄진 건 다행이긴 한데 이게 뭐예요,28
399,아트북인가? 생각한 것 보다는 가격이 싼 것 같아요,얼마에요?,28
400,에어브러시 검색했다가 중고로 사도 꼭 필요한 장비만 50은 깨질 것 같아서 관뒀어요,저 그거 앞에 뿌리는 부분만 가격 보고 생각보다 싸네 했는데 본체가 따로 있어야 한다는 걸 깨닫고는 접었어요,46
401,전 내일 수학여행 가요, 재미있는 수학여행 다녀오세요,12
402,미치겠어요,돈벌레 같은 건가요,5
403,날이 더워요,낮엔 덥고 밤엔 추워요,6
404,무선 충전기는 그다지 정품 살 이유가 없어요,이전 세대 정품은 2만 원이면 살 수 있으니 그거 사는 게 가장 현명해요,24
405,무동건곤 촬영이 언제 끝날지 배우인 본인도 모른다네요,역시 장려  작품답네요,29
406,나는 학교도 서울이고 집도 서울인데 왜 왕복이 3시간 걸릴까요? 학교가 이사 왔으면 해요,뭔가 공감 되네요,49
407,저 혹시 이어폰 남으시는 분 중 한쪽만 들려도 좋으니 기부해주실 분 계시나요? 제가 다음 그 다음 달까지는 이어폰 없이 살아야 하는데 본가에 이어폰이 잔뜩이라서요,한쪽만 들리는 거라도 우편으로 보내 드릴까요? 여러 개 있긴 한데 이런 걸로 괜찮은가요?,90
408,노량진 어뮤즈에 관련된 이야기 해 드릴게요,바로 앞에 핫도그 가게 진짜 좋아요,23
409,뭐죠? 청강대 수영장 생긴대요? ,7시간 전에 공지 떴어요!,18
410,탕수육 먹고 싶어요! ,저도요! 안 먹은 지 엄청 오래된 거 같아요,12
411,일요일에 불합격 통보를 받는다는 건 주말 출근하는 회사를 안 가게 돼서 다행인 걸까요 아니면 그냥 불합격 자체로 기분 나쁜 걸까요?,다행이다 생각하세요,73
412,홍대 맛있는 술집 추천받아요,주종은 상관없나요?,15
413,작년에 갔을 때 저 병맥주 나발 불었던 거 너무 맛있었고 포도 맥주가 진리였어요,해장으론 이 라면이 최고였어요,44
414,2학기까지 65학점이면 그냥 일반적인 거였군요,2학기에 65학점이요? 그게 가능해요?,25
415,오늘도 재밌었어요,진짜 맛있는 데 아깝네요,9
416,"아니, 술 취햤으면 집에 가지 왜 화분을 부실까요?",설마 옆에 있다가 다치셨어요? ,28
417,새로 생긴 돈가스 집 너무 맛있고 다시 가고 싶은데 혼자 먹기는 어색해서 싫어요,혼자 먹는 거 익숙해지면 정말 편해요! ,44
418,턱 갸름해지고 싶어요,주사 맞는 건 얼마 안 해요,11
419,배 아파요,세상에 배탈 나신 거 아니시고요?,5
420,그 겟아웃 보신 분들 스포일러는 하지 말고 대충 어때요? 많이 무섭고 막 그래요? ,저도 못 봤는데 마지막에 징그러운 게 좀 나온다고는 들었어요,46
421,케밥도 먹고 싶어요,"아, 저두 케밥 좋아해요",10
422,바나나가 그리 떫은 게 별로이던가요? 난 잘 익은 바나나의 단맛을 싫어해서 안 먹고 덜 익은 바나나만 골라 먹는 외로운 사람이에요,저도 잘 익은 바나나의 칼칼한 단맛과 물컹함보다는 차라리 조금 이제 파란색 거의 가시고 약간 덜 익어 단단한 상태가 그나마 좋아요,72
424,쇼트커트인데 눈이 순한 캐릭터들 좋아요! 예를 들면 하나의 클라라 같은 캐릭터요,클라라 좋아요,44
425,무슨 차이가 있으면 120만원이나 하는 걸까요?,처치워든 파이프가 120만 원요? 브랜드가 어디인가요? ,26
426,너무 슬퍼요,넌 또 왜 슬퍼요?,6
427,초중학생 때만 해도 찜질방 자주 갔었는데 요즘은 잘 안 가게 돼요, 어릴 땐 진짜 자주 갔는데 점점 그곳의 로망은 없어지고 불편한 잠자리 진상들 등등 때문에 잘 안 가지는 듯해요,36
428, 빨리 한국 가고 싶어요,언제 와요,13
429,빨리 수요일이나 됐으면 해요,저는 오늘 가요,15
430,어우 지호 보고 싶으니까 일본도 가고 싶어요,잘 가요,24
431,우리 집 쥐새끼,햄스터가 냉장고 사이에서 얼굴만 내밀고 내 눈치 보던 눈빛이 아직도 잊히지 않아요,8
432,일본 사람들이 찾아올 정도로 맛있는 오므라이스를 하는 쌈밥집이라니요,계란에 밥을 싸서요,37
433,수면제 처방 되냐고 물어봐야겠어요,아 근데 수면제 너무 오래 자서 괴로워요,18
434,벌레 잡아주지도 않을 거면서 벌레가 널 무서워한다고 하는 거 너무 짜증 나요,벌레 최고 잘 잡는 사람 필요하겠어요,42
435,저 샤브샤브 먹고 싶어요,이번 주에 조별과제 모이는 거 없으면 토요일이나 금요일에 갈 수 있어요,13
436,"아, 불닭 너무 매워요", 불닭 먹고 싶어졌어요,12
437,늦은 주말 오후 우래옥에서 불고기 2인분에 소주 마시다가 냉면 먹고 있으면 왠지 성공한 어른의 느낌이 나요,제가 우래옥 비빔냉면 맛있다는 이야기는 전에도 여러 번 했었죠,59
438,속 안 좋아서 끙끙 거리고 있는데 언니가 계속 일어나라고 하네요,"와, 똑똑하시네요",35
439,하 진짜!,왜요? 뭔 일이에요?,5
440,전동 지우개 배터리 분리해서 가세요,배터리는 생각도 못했어요,19
441,시아 성장판 요즘 왜 멈췄어요?,누나가 참 다재다능한데 성장판은 어떻게 못해요,17
442, 역시 2호선은 몇 시에 타도 지옥이네요,가축 수송 끝판왕인 듯해요,22
443,학교가 고파요,언니 왜 안 왔어요,7
445,사실 수영장 가려고 로비 옆 가게에서 수영복에 숄까지 다 사놓고 카지노 돌고 있어요,과연 모하비 사막 한복판 답네요,46
446,진짜 날 잡아서 핸드폰 끄고 살고싶어요,그리고 아이패드를 잡겠군요,21
447,혜운이 요술봉 사 온다는 거 보고 빵 터졌어요,호기심 많은 조선시대 사람이에요,25
448,황제 다이어트 경험자분 계세요? ,한가지 먹는 거 정말 정말 물려요,18
449,배터리 30퍼센트인 거 현실이까요? 보조배터리 안 가지고 온 거 현실일까요?,오! 이런!,42
450,어제 새벽에 위가 너무 아파서 응급실 다녀오고 지금까지 아파서 아르바이트에 문자 보냈는데 답장이 참 가관이네요,언니가 아픈 건 진짜 어떻게 할 수 있는 게 아니잖아요,61
451,잘 지내고 있나요? ,잘 지내고 있어요,11
452,점심 지나면 의 트림 메들리가 시작돼요,너무 싫어요,21
453,그쪽이 예뻐서 말 걸었어요,제가 예쁜데 왜 그쪽이 말을 걸어요,14
454,동성로 현대백화점 외부 주차장 쪽에 콩국수집 있는데 진짜 천상의 맛이에요,"아, 콩국수 먹고 싶었는데 가봐야겠어요",40
455,옆 옆 옆집 과일주스 가게 왔는데 께서 나 평소에 많이 예뻐해 주셔 가지고 언니랑 먹으라고 타르트 두 개 주셨어요,맛있겠어요,63
456,"아, 우리 회사 왜 이럴까요 진짜",혹시 해보지도 않고 힘들다고 말한다 하지 않나요? 저도 전 회사가 그래서 퇴사했어요,18
457,"화, 수, 목, 금요일만 버티면 주말이네요",오늘은 안 버티셔도 되는 건가요? ,23
458,아침 태양 너무 뜨겁네요,일본이에요?,13
459,이빨 완치 시켰을 때 견적 나왔어요,이럴수가! 역시 치과는 무서워요,19
460,도서관 자료실에만 들어가면 갑자기 똥 마려운 사람들의 모임 같은 건 없나요? 서가에 가서 책들 냄새를 맡는 순간 이상하게 화장실을 가게 돼요,마음의 평화가 와서 그런 걸까요?,78
461,"오, 집에서 가까운 곳에 왁싱 숍이 있어요", 왁싱요?,23
462,인터넷에 접근하기 힘들고 그마저도 규제가 심한 쿠바에서 게임을 즐기고자 하는 이들이 만든 사설 네트워크를 심층 취재한 기사가 있는데 완전 재밌어요,Snet에는 다음과 같은 규칙이 있어요,81
463,아! 학교 안 가니까 너무 좋아요, 너무 부러워요,18
464,점심 뭐 먹죠?,냉면이요,8
465,"오늘 이케부쿠로를 가야할까요, 아키하바라를 가야할까요? 고민되네요",둘 다 다녀오시면 돼요,36
466,뭘 먹죠? 1시에 봉사 가야 하는데요,또 봉사 가요?,20
467,내가 어제 뭐 하다가 강남역에 대만 간식 파는 가게 있다고 들은 것 같은데 대체 뭐하다 본 걸까요?, 소금 커피 찾다가 그랬겠죠,55
468,다시 출장 가요,곤약 젤리가 먹고 싶어요,8
469,돈이 없기 때문에 점심은 기숙사에 가서 먹어야 겠어요,저처럼 굶으셔야죠!,29
470,가게 이름이 쟈니로켓이라길래 홀린 듯이 들어갔어요,앗 쟈니로켓이라니 맛있어요? 나 역시 홀린 듯 들어간 기억이 있어요,27
471,부산 왕복 끊었어요,왜 가요?,10
472,새로 생긴 일본 가정식 집 갔는데 6500원이에요,어디죠?,27
473,데이터 다 써서 지하철 와이파이 쓰는데 너무 느려요,"아, ",28
474,치즈케이크 자랑해요,호에  능력자네요,10
475,이랑 밥 먹었어요,어딘가요?,9
476,고양이 너무 키우고 싶은데 고양이 키울 때 꼭꼭 고려해야 하는 거나 단점 등을 자세히 알고 계신 분 한 번만 알려주실 수 있나요,물건을 밀어서 떨어트려요!,71
477,오늘 오후 수업 없어요,오! 도원경 노래 떴어요?,12
478,예쁘고 발색 좋은 빨간 렌즈 아시는 분 있으세요?,렌즈 미 코스프레 렌즈 빨간색이 발색 자연스럽고 예뻐요,27
479, 너 아르바이트 언제부터야?  ,나 그 때 전화 왔을 때 25일 전후에 일한다고 생각하고 그전에 연락 준 댔으니까 오늘 내일 중으로 전화 오지 않을까요? 리모델링 늦어져서 최대로 늦춰졌을 때가 30일이라 했어요,17
480,카페 차리면 다락방 꼭 만들 테니까 더운 여름에 에어컨 빵빵하게 틀고 낮잠 자고 싶으면 놀러 오세요,꿈틀꿈틀 기어갈래요,55
481,그 회사 어디에요? 직종을 변경해서라도 가야겠어요,남성 임원보다 여성 임원이 더 많은 반도체 회사래요,27
482,오늘 케이크 못 먹을 거 같아서 어제 먹은 예쁘고 맛있는 브라우니 사진 보네요,접시도 예쁘네요,43
483,아니 근데 진짜 뭐 어떻게 해야 사람 어금니가 김밥에서 나올 수가 있죠? ,그니까요,41
484,"아, 휴강 뜨니까 남은 수업 더 가기 싫네요",뭔 느낌인지 알아요,24
485,바다사자가 선창가에 앉아 있던 소녀의 옷을 잡아당겨 순식간에 바다로 끌어당겼어요,그나저나 저 소녀의 보호자는 구해주신 남성 분한테 제대로 인사도 안하고 그냥 가는 것 같아 보이네요,44
486,스킨로션 새로 사기 귀찮아서 수분크림만 바르고 지냈는데 이제 슬슬 사야겠어요,그냥 근처 로드 숍 가서 대충 추천해달라고 할까요? ,42
488,급하게 인도네시아 가게 되어서 이것저것 찾아보는 데 이 나라는 발리 말고 자료가 없어요,여행 왕 ! 저도 따라 여행계 만들어야겠어요,48
489,날씨 너무 좋고 너무 놀러 가고 싶은데 걷기 귀찮아서 패스할래요, 나오면 죽어요,35
490,예전에 친구랑 볼링 치러 갔는데 내가 너무 못해서 친구가 창피해했어요,왜 그랬어요! 나중에 나랑 가요,38
491,의사 들이 왜 이리 우울해 보이냐고 물으시는데 환자 예약 잡고서 그런 말이 나오냐고요,나쁜 사람이네요,47
492,"아, 근데 티켓팅 경쟁 그렇게 심하진 않을 거라고 생각해요",정 걱정되면 아이돌 팬인 친구를 부르시면 좋아요,32
493,실력 있는 아이돌을 따라다니다 보면 돈 쓸 일이 더 많군요,내 지갑 보고 슬퍼지네요,32
494,진짜 오랜만에 시원한 화이트 와인이 당기는데 저렴하고 괜찮은 화이트 와인이 뭐가 있을까요? 추천 좀 해주세요,화이트는 마트 가격 기준 3만 원 이상이면 아무거나 좋아요,60
495,비건식당에서 밥먹고 있어요,비건식당이라니 제 취향이에요! ,14
496,바지가 막 흘러내려요,시원하게 내려요!,11
497,즉흥 여행은 지금 당장 하는 거라고 배웠어요,와우! 오늘이었군요! 잘 다녀오세요!,24
498,면접 보러 왔어요,어디로 보러 간 거예요?,9
499,맛있어서 약간 기분 풀렸어요,오! 맛있어 보여요,15
500,애인이 못 먹어서 나도 못 먹는 음식들이 있어요,먹고 싶어요,26
501,"아, 요즘 중식이 당기네요","볶음밥, 계란 토마토 볶음, 어향가지, 모가홍소육, 칠리새우, 유산슬, 궁보계정, 마파두부, 꿔바로우도 있어요",14
502,정장은 가산디지털단지역에 있는 마리오 아울렛 가서 사야겠어요,정장은 오래 입는데 맞춤이 좋지 않을까요? 어차피 키는 더 안 클 거고요,33
503,라멘 맛있어요,오오! 가게 이름 알 수 있나요? ,7
504,그리고 가구원 동의했는지 안 했는지 확인할 방법은 없을까요? ,가구원 동의를 했는지 안 했는지 알고 싶으시다면 제일 좋은 방법은 1599 2000으로 연락해보는 방법이 있어요! 국가장학금 신청을 모두 마친 것이 맞는지 물어보실 때 빠진 게 있을 경우 말씀해주세요! ,34
505,일단 입금은 좀 있다가 해야겠어요,혹시 그 티켓 비용 드릴 테니까 1장 남으시면 같이 가도 돼요?,18
506,인상 서글서글하고 착하던 인사팀 막내가 반년 만에 광속으로 퇴사했어요,퇴사하는 사람 보면 요샌 부럽네요,38
507,이럴 수가,말도 안 돼요,5
508,훠거네요,광화문 황산 훠궈 맛있어요,4
509,훠궈 얘기만 들어보고 한 번도 안 먹어봤는데 궁금해요,백탕은 담백하고 홍탕은 지옥에서 올라온 토마토 수프 같은 색인데 정말 신기한 게 입안은 얼얼할 지경인데 일단 목 안으로 넘기면 괜찮더라고요,29
510, 혹시 게임온 오시나요?,아뇨! 행사 안 간지 너무 오래 되서 열리는 줄도 모르고 있었네요,13
511,조별 과제 일정 빠르게 정해서 하기로 해놓고 지금 자기가 결과물 늦으면서 다른 조 애들은 왜 이렇게 빨리하냐고 그런다는 핑계를 대네요,사람이 스무 살이 넘어도 그런다고요?,74
513,너무 가고 싶었던 사진전 못 간 잉여는 울어요,오래동안 하니 시간 되실 때 놀러오세요,25
514,나 진짜 할 줄 아는 거 없어서 이러고 살고 있네요,복싱 추천해요 진짜,28
515,솔직히 지금 고시원도 엄청 싸고 시설도 좋은데 그래도 용돈이 적으니까 더 싼 곳으로 이사 가고 싶다는 욕망이 생겨요,용돈이 적으니 알바를 하고 싶어요! 그리고 두둑해지는 지갑과 그에 비해 성적은 반비례하죠! ,64
516,머리를 잘랐는데 거지 같이 잘라줬어요,얼굴이 공주네요,20
517,"이타치 취미가 맛집 탐방이에요? 아, 귀여워요",당고 좋아하잖아요,25
519,수건 사러 가야 하는데 수건은 대체 어디서 팔아요? 나 예전에 집에서 살 때 수건 어디서 샀었을까요?,5번 출구에 다이소가 있어요,56
520,진짜 아가씨라고 불리면 뭐 도와주고 싶은 마음이 완전히 사라져요,아가씨로 불릴 바엔 차라리 저기요 라고 불리는 게 좋아요,35
521,오늘 만든 거예요 크림빵!  ,맛있겠어요,16
522,축제라서 축제에서 파는 음식들을 평소라면 그 가격엔 별로 안 사먹겠지만 축제 분위기가 있어서 마구마구 사 먹고 있어요, 걔네 기름 양 컨트롤도 못해서 뭔가 잔뜩 기름에 절어있을걸요?,65
523,에게 영업 당해서 치즈크로켓를 시키려고 했는데 세트로 시키면 음료수를 그냥 주길래 음료수까지 세트로 시켜 먹었어요,어디예요? 뭐예요? 얼마예요? 너무 맛있겠어요,63
524,"아니, 여기 인터넷 진짜 쓰레기네요",이제 인터넷에서 동영상 볼라하면 10초에 1프레임씩 움직여요,19
525,형 저 내일  전시회 갈 거예요, 다녀와요,17
526,강남 근처에 외장하드 파는 곳 아시는 분 계세요?,핫트랙스 가면 있겠네요,27
527,비트코인 진짜에요?,가격 올랐어요?,10
528,"아, 탈색하고 싶어요",저는 나이 먹고 후회할까 봐 탈색해 버렸어요,11
529,다섯시 반까지 시간 진짜 잘 갔는데 왜 갑자기 시간이 안 가죠? 빨리 퇴근하고 싶어요,전 오늘 5시 전에 퇴근했어요,47
530,누가 박스에 천사같은 애들 둘을 버려둬서 데리고 왔어요,나쁜 사람들이네요,30
531,이게 뭔지 알아요?,그곳은 몇 시에요?,10
532,진짜 재수없네요,제주도 갔을 때 갔던 코스 좀 알려주세요,8
533,"와아, 부산국제영화제 하는데 우리 집에서 10분 거리예요",부산에 사시는 군요!,31
534,저녁 드실 분 있나요?,조목이요,12
536,뭐 개소리는 맞는 거 같아요,실상은 그거의 백배 넘는 가격인데 게다가 한 봉지로는 부족해요,15
537,2박 3일 호텔 또 이케부 잡아야겠죠?,거기 괜찮은 숙박업소 있나요? 도쿄는 한 번도 안 가봤어요,21
538,사람들은 말해야 알아요, 내가 귀여운데 그걸 인정해야 해요,12
539,최근에 피자 도우를 사서 피자를 해 먹었어요,게맛살 토핑은 무슨 맛이에요? ,24
540,거울 위치 볼 때마다 웃기네요,거울 예쁘네요,16
541,누구보다 학교 가기 싫어 하면서  몸은 정직하게 학교를 다니고 있죠,8학기 어떻게 버텨요,37
542,찻잔을 살까요? 눈독만 들이고 있던 잔들이에요,두 번째 잔 너무 취향이에요,25
543,정말 감사한데 저번에 제이데커도 그렇고 피규어들도 그렇고 께 받은 게 너무나 많고 이것까지 받으면 정말 죄송해져서 구매하실 때 꽤 비싸게 구매하셨을텐데 차라리 판매하시는 게 어떨까요? 구매의향 있어요,그렇군요,111
544,오늘따라 타임라인에 카레 얘기가 많이 보여서요! 오늘 저녁 메뉴는 오래간만에 에그 스크램블 카레로 결정했어요! ,맛있겠어요,62
545,"아, 맞다",점심 때니 당연한 것이겠지만 너무 바쁠 때 오셨어요,5
546,이더리움이 뭔 난리 쳤나 봐요,근데 솔직히 비트코인은 진작 뛰어들었으면 돈 좀 벌었을듯해요,16
547,이더리움이 뭔 난리 쳤나 보네요,선배 왜 요새 다시 트위터 해요? ,17
548,점심에 먹은 엽떡 때문에 아직도 속 쓰려요,엽떡 왜 그래요?,23
549,상담만 받았고 심리검사는 이랑 상의해보고 진행하자는데 검사 비용 25만 원이에요,그 정도면 준수한 편일걸요? 저 간 곳은 40만 원이 검사 비용이었고 상담비 약비 따로였어요,44
550,다음부터는 택시 타야겠어요,캐리어에 엔진을 달아요,14
551,색 조합도 좋은 거 같아요,"오, 이쁘네요",14
552,난 빈속에 커피 마시면 안 되나 봐요,그러지 마요,20
554,떡볶이 먹으러 왔는데 주인 언니가 이미 내가 뭘 주문할지 알고 있어요,단골 가게인가 봐요!,38
555,설빙 초코 브라우니 빙수 후기는 초코가 진하고 맛있는데 달고 달고 달아요,치즈 가래떡 생각만큼 맛있지는 않았어요,40
558,수업과 막걸리를 포기할 정도의 컨디션이네요,! 몸이 안 좋으셔요?,23
559,오늘 저녁은 카레예요,키르냥 카레 좋아하시나 봐요?,11
560, 다다음 주에 교정 치과 가서 교정기 정리하기로 했어요,진주 오시는 거예요?,30
561,방탈출 1인용도 만들어주세요,"1인용 있는데, 근데 비싸요",15
562,지방 사람은 서울 한번 가는데 교통비 10만 원에 4시간 아니면 5만 원에 8시간 안고 가야 하는 게 진짜 너무나 고통이네요,지방 사람으로서 공감해요,69
563,님들 오사카 여행하면 그 한큐 백화점 있는 역 어딘진 모르겠는데 하나타코라는 다코야키 가게 있거든요? 진짜 죽는 일이 있어도 꼭 가서 다코다마인지 시켜 먹으세요,"와, 비주얼 미쳐요",89
564,학원 가야 돼요,가지 마요,8
565,일본 가고 싶어요,일본 음식이 그렇게 맛있어 보이던데요,9
566,예상보다 이른 모기향 개시해요,벌써 모기향이라니요! ,16
567,나랑 놀아요,"엥, 응급실이에요? ",6
569,저녁을 서브웨이만 먹으면 건강해질까요?,빵은 곡물 도정을 많이 한 거여서 장 건강에 안 좋아요,21
570,일주일에 네 번 마라탕 먹는 나 정상인가요? ,마라탕 맛있어요? 한 번도 안 먹어 봤어요,25
571,생리시 호르몬 반응 때문에 신경이 예민해지고 짜증이 잘 난다고 하는데  저것도 경우에 따라 달라요,제 친구는 뭔가를 막 만지고 쥐어뜯고 싶은 욕망이 샘솟는다고 해요,54
572,저 우유 거품 스팀으로 만드는 거 무서운데 배워야 돼요,바리스타에요? ,30
573,이거 너무 예쁜 거 같아요,너무 예뻐요,14
574,피자 시켰어요,"대박, 무슨피자 시켰어요?",7
575,햄버거! 먹고 싶어요! 버거! 맥도날드!,햄버거요?,22
576,그리고 저는 핸드폰이 망가져 새로 샀어요,왜 망가졌어요? 핸드폰 뭐 사셨어요? ,22
577,일을 어떻게 그만둬야 잘 그만뒀다 소문이 날까요? ,일본에 취직이 됐다가 있어요,28
578,경성대 부경대역에 있는 다코야키 맛집 세이고우예요,역시 부산인 건가요,27
579,분식집 돈까스 소스 어디서 받아오는 걸까요? 어딘지 알면 나도 하나 시켜서 날 마다밥에 비벼 먹을 거예요,오뚜기 아니에요?,58
580,슬프네요,전 학식 안 먹은지 2년 된 듯해요,4
581,세탁 시간을 놓쳤어요,남들이 안 돌리는 시간에 돌려야죠,11
582,집 앞 일본인이 하는 반찬가게 이젠 반찬 아닌 것도 만들어파네요,축복받은 동네에 사시는군요,35
583,"아, 맞아요",저도 그날에 가요,6
584,"으아, 고양이 키우고 싶어요!",진정해요,16
585,일정에 없던 출장으로 다음 주에 급 후쿠오카에 가게 되었어요,아무거나 먹어도 맛 집일 거라면서요,33
586,맛 집 리스트가 쌓이고 쌓여 수백 개가 넘어요, 두 분은 웨이팅도 잘 견디시나요? 저흰 못 기다려요,25
587, 낼 출근 진짠가요? 시간 좀 멈춰주세요,오늘도 쉬었다니 완전 파라다이스네요,22
588,"아, 국밥 먹고 싶어요",물론 어디로 가야 되는지는 알겠죠?,12
590,거래소마다 이더리움 가격이 조금씩 다르네요,님 아직도 이더리움 사세요?,23
591," 드로잉 과제 하세요, 과제의 노예님, 과제하세요",과제 하세요,27
592,컴퓨터가 멈췄어요,컴퓨터야 움직이세요,9
593,이산화탄소 측정기 제작 완료했어요,"이야, 전자맨이네요",18
594,후쿠오카 포켓몬 센터에 갔어요,"우와, 돈테키 처음 보는거지만 맛있어 보이네요!",16
595,윈도우10 운영체제 너무 비싸요,프로 버전이 필요하신 건가요? 홈 에디션은 재설치 가능한 버전도 훨씬 싸던데요! ,17
596,에어컨 청소 업체 여러 개 중 가격이 싼 곳으로 4개를 추렸어요,청소 하고 나서 에어컨 as했다는 후기 없는 곳이요,35
597,오늘 먹은 훠궈는 정말 맛있었어요,복만루 항상 듣기만 했었는데 맛있군요?,18
598,"아, 배고파요",공복상태가 아홉 시간 정도 되니까 이젠 배고프다는 인지만 할 뿐이고 더 이상 고통스럽진 않아요,7
599,집에 왔으니 당근 케이크 먹어요,너무 귀여운거 아니에요?,17
600,"남잔지 여잔지 생각도 안 하고 옷 색깔보고 등 근육인줄 알고 오, 몸 좋네",진짜 등 근육으로 보이잖아요,41
601, 주문할 때 목소리좀 크게 해주세요,엄청난 공감 중이에요,19
602,드디어 백수의 나날을 끝 마치고 도토루커피숍의 알바생이 되었어요! 응원 해주신 여러분 감사드려요,언니 축하해요,53
603,"아, 갑자기 버터 명란 감자가 너무 먹고 싶은데요",결국 먹으로 왔어요,27
604, 우리 내일 떡볶이 먹으러 갈까요? ,"앗, 좋아요",20
605,경리단길 맛 집 추천 받아요,경리단길에서 조금 벗어난 곳이지만 해방촌의 카사블랑카가 아주 맛있다는 소식이에요,15
606,소품 준비 하려고 인터넷 찾는데 일개 소품 주제에 가격 실화인가요,저런 거 nc백화점 모던하우스에도 팔 것 같은데요,36
607,확률과 통계를 여름방학 안에 끝낼 수 있을까요?,"확률과 통계, 통계 파트는 거의 공식을 외우면 되는 게 많아요",26
609,"오, 지금 생활의 달인에 내 단골 밀면집 나와요!",저도 지금 생활의 달인 보고 있어요,27
610,학교 진짜 싫어요,평생 안 가는 방법도 있어요,9
611,아이패드 팔고 아이패드 프로 9,그런데 가격이 어마어마하죠,17
613,사진은 이상하지만 이거 진짜 맛있어요,나도 이거 좋아해요,20
614,알라딘 중고 서점에서 앨범 팔아보신 분 계시나요? ,저요!,28
615,나 경찰서 갔어요,왜요?,9
616,"오, 뮤직뱅크 방청 당첨 됐어요", 부러워요,17
617,진짜 나도 일본 가고 싶어요! 님들 나랑 일본 여행 가요,저 8월 초에 갈 거 같아요! 혼자 내지 동생이랑요! ,31
618,저랑 회 먹으러 가실 분있어요?,부산 가시나요? ,17
619,쥬시쿨 청포도 맛 너무 맛있어요,이거 먹어보고 싶었는데 내일 사 먹어 봐야겠어요,17
620,"아, 일단 몸이 진짜 너무 안 좋아서 자러 가야겠어요",언니 왜 아파요,29
622,핫도그 먹고싶어요,가게 열려 있을까요? 사실 이 시간에 먹는 거 자체가 자책감 드는데 그래도 배고프니까 뭐라도 먹어야겠어요,9
623,미아 트위터 보니까 나도 찜질방 가고 싶어졌어요,같이 갈까요?,26
624,저는 오늘 엄청난 걸 만들 거예요,누가 크래커 진짜 맛있죠! ,18
625,종강하면 워터파크 가고 싶어요," 워터파크 안 가본지 272,892만년 전인 것 같아요",16
626,내일 학교 가야 해서 먼저 잘게요! 안녕히 주무세요,잘 자요,28
627,"아, 근데 카드 안 되는 가게가 좀 있어서 밥 먹고 다니기 불편하네요",일본 좀 그래요,38
628,키보드를 살까요,사요!,8
629,"아, 근데 수박 너무 비싸요, 너무 커서 두고두고 먹기도 힘들고 냉장고에 안 들어가고, 가난한 자취생에겐 너무도 어려운 과일인 수박이에요",마트 보면 소량으로 잘라서 파는 것도 있던데 가격이 참 그렇더라고요,76
630,"아, 너무 웃겨요",중고장터에서 알로라식스테일 운송비 포함 만 이천 원 어떻게 생각해요?,9
631,"아, 너무 웃겨 지역군 가차샵에 내가 인형뽑기 가게 마다 좀비처럼 부르 짖던 알로라식스테일 들어오니까 다 나부터 찾네요",중고장터에서 알로라식스테일 운송비 포함 만 이천 원 어떻게 생각해요?,66
632,우리 홍대에서 몇 시에 만날까요? ,방탈출이 2시 45분 예약이니까 11시 어때요? ,19
633,"아, 쌍커풀 생기고 싶어요",잠 자지 말아요,14
634,저 내일부터 트위터 못 해요,유학 뭐로 가게요?,15
635,비정상회담보다 쓰러졌어요,제가 서울서 태어나서 40여년 살다 대구 정착한지 4년 인데요,13
636,한 2주 만에 초코콘 먹는데 눈물 날 거 같아요,"어,  아직 위염기 있으시면 초코 드시면 안 되는데요",26
637,"아, 한테 여쭤볼 거 있는데 트위터로 질문하고 싶어요",너희 이랑 우리 언니 이랑 같은 분이에요,29
638,오늘도 하루초밥 가서 맛나게 먹고 왔어요,저도 어제 가서 먹고 왔어요,22
639,불닭볶음면 먹고 싶어요,내일부터 하자고 미룬지 어느덧 3일째네요,12
640,가로수길 맛 집 추천 좀 해주세요,거기 디저트 가게 밖에 없어요,18
641, 화장품 가게  손이 보고 싶어요,커다랗고 무섭게 생겼지만 그 누구보다도 들이 잘 맞는 화장품을 사서 행복하게 되기를 바라는 소박한 사장님 캐붕이지만 너무 보고 싶어요,18
642, 저 노트북은 그냥 문서만 돌아가는 걸로 하기로 했어요, 오래 쓴다고 하지 그랬어요,30
643,짐은 하나도 빠짐없이 챙기려고 하면서 왜 제일 중요한 여권은 생각도 안 할까요,늦덕이 일본 가요? ,43
644,오늘 저녁 국밥 먹었어요,그 집 엄청 맛난 집이었어요! 다시 가고 싶은 집이에요! ,13
645,군대 가는 형들을 보니 내 미래 같네요,또 가게요? ,21
646,"저 다니는 산부인과에서 브라질리언, 항문 레이저 제모 5회 35만원이에요",제 친구가 받았는데 레이저 제모는 색깔을 인식해서 태우는 거라 착색된 사람은 많이 아프다고 해요,40
647,치즈돈까스 먹고 싶어요,전 내일 먹으러 가요,12
648,6시에 기상해서 씻고 나갔어요,아프시면 안 돼요,16
649,힐링이 필요해요,"베개 때리기, 분노의 그림 그리기, 하드락 들으면서 립싱크와 에어 기타 치기, 바닥에 구르기, 소리지르기, 샤워하기",8
650,오늘이 키스데이라고요?,키스데이래요,12
651,인간관계라는 것은 허무해요,완전 공감해요,14
652, 가게 마감해야겠어요,고생했어요,11
653,근데 한국은 몇 시에요? 여긴 아침이에요,새벽 한 시 사십 사분이에요,22
654,한 달 조금 안 되게 해서 그냥 가게에 내가 공유기 들고 가서 와이파이 달았어요,멋있어요,44
655,고양이 볼래요?,저 작은 해골고양이 입양 되나요?,8
656,도쿄 다녀오신 분들 도쿄여행 팁 좀 주세요,어떤 팁을 원하시나요?,23
658,"내 돈으로 담배 사서 피운 적이 없는데, 오늘 처음으로 해 볼 거 같아요",비가 많이 와서 담배 사러 안 가게 돼요,40
659,요리 안 시키는 이 제일 좋아요,전 맨날 시키는데 이것저것 여러 가지요,17
660,단기 알바 가게 됐는데 집에서 엄청 멀고 알바몬에서 후기글 보니 텃세 겁나 심한 듯 해서 무서워요,사람들이 가지 말라 하는 데엔 다 이유가 있어요,54
661,혹시 가성비 좋은 심플한 헤드셋 추천 좀 해주실 분 있나요?,용도는요? ,33
662,"아, 너무 일찍 일어났어요",오늘 컴퓨터 할 수 있어요? ,14
663,빨리 대학교 가고 싶어요,그리고 과제에 죽어가게요?,13
664,훈련소 가는 건 좋은데 챙겨가는 준비가 머리 아파요,챙겨갈 거 없어요! ,28
665,"옮긴 회사에 너무 일이 많고 집에도 못 가게 퇴근 시간에 일 주고 그래서 힘들다고 했더니, 내가 지금 그렇게 일하고 있거든?라고 말하시면 제가 대화를 하고 싶겠어요, 안 하고 싶겠어요? 공감 따윈 바라지도 않아요",많이 힘들어요? ,118
666,"아, 안돼 졸려요, ",퇴근하시죠,11
667,남자 생일선물은 보통 뭐 주나요,돈 그대로 주는 걸 제일 좋아해요,17
668,대박이에요, 저 이번엔 이틀 만에 잘렸어요,5
669,참새들이 패싸움해요,오우야! ,10
670,귀여운 내 강아지에요,어휴 이쁨 폭발이네요,11
671,학교 앞에 핫도그 집이 세 개나 있던데 이제 핫도그 가게가 유행인가요? ,그런 거 같아요,40
672,눈 뜨자마자 경찰서 가게 생겼어요,차 사고 때문에 가시는 거예요? ,18
673,돈 열심히 벌어서 뭐 할까요? ,커피 사 먹지요,17
674,막창 먹고 싶어요, 대구 같이 가시죠,9
675,교양수업 이번 레포트 주제는 아버지의 사랑이래요,백지 내면 안 돼요? ,26
676,격하게 집에 가고 싶어요, 집에 가게 해주세요,13
677,점심을 뭘 먹어야 할까요,냉면이요!,13
678,망고스무디 먹고 싶어요,수박 스무디도 맛있어요,12
679,올겨울에 꼭 일본 여행 갈 거예요! 다음 달부터 조금씩 모아서요! ,일본 가게요? 몇 월쯤에요?,37
680,2일 후 일본 가요, 저번에 부탁드린 그것 가능하실지요,10
681,시원하게 비 좀 왔으면 좋겠어요,여기는 오늘 비 소식이 있어요,17
682,지하철 잘못 탄 거 실화? ,갈아타세요! ,15
683,건대 맛집인 버거킹에 왔어요,건대에도 맛 집이라 불릴 만한 가츠동류가 맛있는 곳이 있는데요! ,15
684,저 밥 먹을 수 있을지도 몰라요,밥은 챙겨드시는 게 좋아요!,17
685,졸려 죽을 것 같아요,몇 시에 어디서 볼까요? ,11
686,호두과자랑 만쥬 먹고 싶어요,만쥬! 맛있죠,15
687,"수요일에 아웃백, 오코노미야끼 어때요?",왜 플텍 계정으로 해요? 두탕이나 뛰게요? 어떻게 다 먹어요?,21
688,제가 오늘부터 밀가루를 안 먹어볼게요,지선 언니 후기처럼 성질 더러워지려나 봐요,20
690,방 탈출 가고 싶어요,걱정 마세요,11
691,님들 저 점심 뭐 먹어야 돼요? 추천해줘요,가츠동이요,23
692,언니 언니 홍차 가게 몇 시쯤 도착할 거 같아요? ,전 두시 좀 넘을 거 같아요! 넌?,28
693,근 11년 동안 생리를 하면서 덜 괴로워 보려고 이것저것 찾아본 결과 42센티 오버 나이트로도 자고 일어나면 앞뒤로 다 샜는데 돌 베기 조카 기저귀 사용한 후로는 아직까지 샌 적이 없어요,저 이런 얘기 좀 그럴 수도 있지만 정말 편한 방법이라서요,104
694,아이스크림 진짜 비싸요,요즘 아이스크림 값이 올라서 주로 동네 마트에서 사요,12
695,"맞아, 저 50사단 대구로 됐어요",제 집 근처예요,18
696,어제 냉면 가게 가서 혼자 물냉면 먹고 육회 냉면도 시키니까 홀 주방 아주머니가 놀라셨어요,나도 여름은 냉면과 물회로 연명해요,50
697,구미역에 만 원짜리 케이크집 생겼어요,크기는 얼만해요? ,20
698,"한국 오늘 덥다면서요! 여긴 서늘한데, 부럽죠?",비도 오고 눅눅하고 찝찝해요,26
699,피자헛 태어나서 한 번도 안 먹어봤는데 뭐가 맛있어요? ,감자랑 베이컨 들어간 거요,31
700,요즘은 노래를 너무 안 듣네요, 한국 언제 오세요? ,16
701,이 동네에 요거 프레소 있는 줄 몰랐는데 너무 친절하시네요,어디에요? ,32
702,나 스타벅스 무료 음료 쿠폰 있는데 스타벅스에서 제일 비싸게 시켜 먹을 수 있는 음료수 알려주세요,프라푸치노류가 비싼 편이에요,54
703,오랫동안 힘들었던 허리 통증이 역시 디스크 증상이었어요,그동안 얼마나 아팠어요,30
704,놀이동산은 집 앞에 롯데월드가 있어도 잘 안 가요,할인행사가 무의미하겠네요,27
705,방탈출 너무 재밌어요,무슨 컨셉 다녀오셨어요?,11
706,채플 싫어요,채플 출석 몇번 해야 돼요? ,6
707,비 오네요!,"어, 비 와요? ",6
708,저 이번에 기술행정병 합격하면 7월에 입대해요,오!,25
710,님들 가구랑 커튼 검은색으로 안 해요? 나만 검은색으로 한 건가요? ,커튼 검은색은 암막 커튼으로 많이 쓰지 않나요? 가구는 취향이고요,38
711,집에 가고 싶은 사람? 저요! ,저도 끼워주세요! ,17
712,"아, 가방 너무 무거워요",진졍해요,13
713,"이게 뭐였죠? 천연 향수? 뭐 그런 거라서 가격 대비 세고 그만큼 잘 날아간다던데, 사실 저 향수 몰라요",나중에 말씀하시면 저도 추천해드릴게요! ,58
714,지하철 몇 호선이에요? 인천 지하철도 1호선 2호선 있는데 어디에요? 언제까지 해요? ,인천 1호선인 걸로 알고 있어요,48
715,골반염과 게실염으로 확정 났어요,입원해서 치료받아야 돼요? ,17
716,비 오네요! ,우산을 회사에 두고 왔어요,7
717,망개떡이란 단어를 본 것 같은데 망개떡 파는 집인가요? ,저도 이름 망개떡인 가게 봤어요,31
718,축제 주점에서 서빙해요,어딘데요? ,12
719,오늘은 운동을 가야겠죠?,의 운동을 응원할게요,13
720,진지하게 보컬학원을 다니고 싶어요,다녀요!,18
721,두 달 째 가계부 쓴 내역 보고 내 용돈 체크해보니까 15만 원으로 저 잘 살고 있네요? ,이런 내용 올리면 용돈을 더 줄이지 않을까요?,50
722,스파게티 집이 유명한 것 같아요,맛있으면 르니 데려올게요,17
723,님들 쿠션 추천 좀요,정샘물? 그거 색 좀 어둡게 나왔다던 대요!,11
724,다음 방송엔 무슨 게임을 할까요? ,다크소울3요,19
725,오늘 저녁은 간장 찜닭이에요,맛있겠네요! 맛있는 저녁 드세요,15
726,근데 씨쓰타 해체 진짜 실화에요? ,"맞아, 그러니까요",19
727,우리 고양이 작년에 태어났는데 어제 애 낳앗어요,너무 귀여워요,26
728,우리 집 앞의 카페는 처분 주택을 개조해 만든 카페에요,어디에요? ,30
729,닭 가슴살 가격이 왜 이래요? ,왜 갑자기 닭 가슴살이에요? ,17
730,"콩 싫어하는 사람들의 특징은 잘 생기고 이쁘며, 교우 관계와 사회생활을 잘 하며 어딜 가나 칭찬받아요",저 콩 진짜 싫어해요,56
732,이 호신용 신발 사놓고 안신을 게 뻔하네요,호신용이라는 기능이 있었네요! ,23
733,치과 치료 끝났어요! 3개월 뒤에 크라운 확인하러 한 번만 더 가면 돼요,이가 튼튼! 충치없는 이네요! ,40
734, 교토 숙소 완전 좋아요!,숙소가 얼마나 좋냐면 저녁 일정 취소하고 숙소에만 있기로 했어요,14
735,5시 반인데 누적  0명 실화에요?? ,어서 중랑구로 오세요,21
736,비 와요! 근데 우산이 없어요! 망했어요! 온몸으로 맞서며 집 가는 중이에요,"아니, 며칠 전부터 비 온다고 난리였는데 왜 안 가져간 거예요",42
737,여동생이랑 초밥 먹으러 다녀왔어요,초밥 먹고 싶네요,18
738,"스시 박스, 마트 초밥 상위 버전 같아요",마트 초밥도 잘 먹는데요,22
739,야근 확정이에요,저도 야근이에요,8
740,이 녀석을 데려가실 분 찾아요,컴퓨터 바꾸셨어요? ,16
741,졸업했는데 이 연락 와서 취업했는지 물어보셔서 깜짝 놀랐어요,그거 이제 거기에 자기 학생들 취업 넣으려고 그러는 거던데요,33
742,오늘 축제에요,축제한다고 푸드트럭 왔길래 먹을 거 사 먹고 바로 집에 왔어요,7
743,내년에 독일로 가게 될 거 같아요,가지 마요,18
744,"오늘 점심에 먹은 볶음우동, 새우튀김 세트가 오천오백 원이네요",엄청 맛있겠네요,34
745,아직 확정은 아니지만 이번 여름방학 때 미국에 가게 될 거 같아요,솔직히 미국에 갈 기회는 있었지만  왠지 미국 여행은 끌리지 않고 미국 갈 돈과 시간이면 유럽을 더 가겠다는 게 내 생각인지라  미국 안 가고 있었는데 어머니가 미국도 안 가보고 해외여행 갔다 왔다고 할 수 있냐며 반강제로 미국가라고 그러셨어요,36
746,남자 옷 가격 어지간한 걸로 추천 좀 해주세요,남친 있었네요,25
747,밖에 비오네요,우산 있어요? ,7
748,"벌써 모기가 집안에 들어오는 거 같은데 집에 고양이 키우는 분들은 어떻게 모기를 퇴치하시나요? 에프킬라도 못 뿌리고 모기향을 피울 수도 없는데, 그나마 찾은 게 전기로 파파팍 태울 수 있는 모기등인데 3개월 후에 미국으로 이사 가니 전기 제품을 살 수 도 없어요",가격을 생각하면 그냥 하나 사는 것이 좋을 듯해요,146
749,저 집 와이파이가 자꾸 끊겨요,바꾸세요! ,16
750,집 근처 가게에서 저녁 먹고 있는데 진짜 비 너무 많이 오는데요? ,가게에 부탁해서 우산 빌려서 우산 사 오면 되지 않을까요? ,37
751,집 가게 해줘요, 어디 아프세요?,8
752,가게에서 피자 해 먹네요!,맛있겠어요,14
753,그날엔 몸이 너무 안 좋은데 엄마 모임 날이랑 겹쳐서 혼자 가게 보고 있어요, 파이팅이에요! ,42
754,일본 갔을 때 시나모롤 카페 가고 싶은데 기간 한정인가요? ,나도 가고싶어서 찾아 봤어요,33
755,운동 가기 너무 싫고 자고 싶어요,하기 싫을 때 억지로 하면 안 돼요,18
756,좋아하던 초밥집이 없어졌어요,매우 유사한 경험이 있어서 그 기분을 알 것 같아요,15
757,떡볶이 시켰는데 매번 주소 부르기 너무 귀찮아요,많이 시켜 먹으면 대충 말해도 아아 네네 이러던데요! ,26
758,집 앞 만두는 생각보다 맛이 없네요,"그거는 심판받아야 해요! 3,000원의 가치를 못하는 녀석이에요! ",19
759,식물 가게인 줄 알았더니 카페였어요,쇼핑 잘 하고 있어요?,19
760,수학여행 다들 어디로 가시나요?,"부산, 거제도, 통영 갔다 왔어요! ",17
761,카페에서 일하는데 갑자기 나방이 들어와서 어찌 처리할까 고민하다가 죽이기에는 너무 크고 무서워서 테이크 아웃 잔에 담아서 뚜껑을 닫아 버렸어요,어제 나와 같은 상황이네요,79
762,인공눈물 어디서 사죠,렌즈 가게에도 파는데 보통 약국에도 티어린프리라고 팔아요! ,11
763,렌즈 샀어요, 시력 때문에 렌즈 끼시는 거고 거의 매일 끼신다면 강소라 렌즈? 아쿠아 렌즈? 그거 써보세요 처음에 그거 끼고 안경 쓸 뻔했어요,6
764,이제 일주일이에요,우리 언니 빨리 가게 해 주세요,9
765,"일본은 우리나라 보다 신선한 닭 유통이 원활한 편인가요? 오빠 말로는, 한국에서도 직접 닭 잡아 백숙하는 집에선 판다는데 나도 오사카 술집에서 닭회 처음 먹어 본 거였으면 좋겠어요",일본은 지역 농축산물 쓰는 게 보편화되어 있다고 들었어요,100
766,건대 합격해서 2호선 타고 싶어요,2호선이면 과 자주 만날 수 있겠네요,18
767,혹시 다음 주 화요일에 두배 족발 가실 탬맘 계시나요? 성인분들 중에서요,다음에 서울 가게 되면 그땐 저도 껴주세요,40
768,"어? 빠른 년생 3월까지 아니에요? 4, 5월도 해당되나요? ",2월이에요,34
769,"유럽 여행 중인 동생이 스페인을 강력 추천해서, 검색어 한 번 눌러 봤는데 가고 싶어요",요즘에 사람들이 스페인을 진짜 많이 가네요,48
770,크림소다를 드디어 먹어요,여기 가게 이름을 맨날 까먹어요,13
771,"아, 드림콘서트 전 날에 술 약속 잡혔어요",드림콘서트 날에도 술 잡수실 거잖아요,23
772,왜 짐을 싸도 싸도 계속 챙길 게 생길까요,또 엠티 가요? ,23
773,비가 내린 후라 그런지 파전에 막걸리가 당기네요,막걸리 정말 좋아요! ,26
774,"아, 이번 주에 할 게 많네요","저는 헬스장을 간다면 다이어트를 목적으로 갈 생각이었고, 작년부터는 다이어트는 포기하고 복근 만드는 것을 목적으로 갈 생각뿐이었는데 이제는 살아남기 위해 가게 생겼어요",16
775,진짜 몸이 병약해졌다는 기분이 드네요,네?,20
776,너무 응가가 마려운데 퇴근하려면 두 시간이나 남았어요,거기에 화장실 없어요?,29
777,이니스프리 쿠션 어때요? ,이니스프리는 베이스가 안 좋아요,14
778,저 지금 치킨 먹으면 장 난리 날까요 ? ,"안돼, 조금만 참아요",23
779,읽을 책 추천해주세요,냄즌이가 읽었던 그 구멍가게 그거 읽으세요,11
780,"아, 갑자기 보쌈 먹고 싶어요",먹고 싶은 게 많은 이네요,16
781,동 인천 신전 떡볶이 가게 알바 훈남에 근육질이네요,심지어 목소리까지 좋네요,28
782,내가 매일 먹는 타코 와사비예요,타코와사비 사랑해요! ,17
783,코코볼 아니고 첵스초코였다니요,우리 집에도 첵스초코 밖에 없어요,16
784,근데 보통 vod가 얼마 정도 하나요? ,"2,500에서 3,000원 정도 할걸요? ",22
785,"아, 할 거 없네요",그러게요,10
786,"일본에 관해 한 가지를 정해서 피피티를 만들고 발표해야 하는데 뭐가 좋을까요? 장소, 물건, 사람에 상관없이 일본 것이면 다 돼요! ",일본은 역시 초밥이요! ,74
788,얼른 집 가고 싶어요,어디였는데요? ,11
789,교보문고 가고 싶어요,금요일에 강남에서 봐요,11
790,버스 터미널에 옷 뒀어요,"폭풍 눈물, 주먹 울음이네요",13
791,언니 언니 우리 학교 바로 앞에 떡볶이 가게에 라붐 걸렸길래 모델인가 했는데 이번 주에 팬 사인회 오네요? ,그렇지만 못 가요,60
792,전시회 가고 싶어요,KTX 할인 가격 뜰 때 예매 하면 그나마 싸요,10
793,베트남 친구들이여 부디 제가 가게에 들어왔다고 재생 중이던 음악을 멈추고 케이팝을 틀지 말아주세요,그럴 땐 어떡하나요? 아는 척을 하시나요?,54
794,밤 산책 좋네요,나도 나도! 나랑도 밤 산책해요,8
795,님들 저 지금 너무 무서워요,신고하셔야 되는 거 아니에요? 어떡해요? ,15
796,하루 일과 끝이에요! ,"와, 고생 많으셨어요! 푹 쉬시고 내일도 즐거운 여행 되세요",12
797,환장하겠어요,여기 어디 쇼핑몰이에요 ? ,6
798,내일 전북대 축제 가시는 분 있으세요? ,초면에 죄송하지만요! 저는 가고 싶은데 같이 갈 사람이 없어서 구하는 중이에요,22
799,난 왜 못가요 진짜!,어디를요?,11
800,이번 달에 400만 원 썼어요,400만 원이면 역시 가계 부담이 크겠어요,16
801,근데 새우버거는 먹는 거예요? 아,롯데리아 새우버거에 명태가 더 많이 들어가요,18
802,그러니 이번 주 토요일은 수원게동을 가볼까요? ,몇 시에요? ,26
804,공부 왜 안 해요? ,"어, 음",11
805,"아, 뜬금없이 노래방 가고 싶네요",노래방 좋죠,18
806,술 마시고 싶어요! ,같이 마시고 싶어요!,11
807,뭔가 목이 턱 막힌 기분이 드네요,미지근한 물 마셔요,18
808,"회사에서 1분 거리에 자취를 시작했는데, 오늘 21시까지 일을 했지만 집에 오면 21시 1분이라는 게 믿기지 않아요","오, 드디어 출퇴근 시간을 없앴네요! ",64
809,내일 야자 내빼요,실화에요? 일진이네요,9
811,"으, 당 떨어져요",이마트 헤이즐넛 초코 크림을 먹어봐요,9
812,하우징 인테리어 하다가 답이 없다는 걸 느꼈어요,어제 께 홈페이지 하나 소개해 드렸는데 한번 구경 해보세요!,26
813,"아, 머리 깨질 거 같아요",전 멀미나요,14
814,"예전에 집 근처에 있을 땐 친구랑 피시방 가서 게임하다가 집 가고 밥도 가볍게 먹고 술도 먹고 놀았는데, 서울 와서는 외로워요",다 그런 거죠,70
815,건대 입구 복만루 훠궈 집 저는 괜찮던데요! 서울 중심으로 훠궈 맛있는 집 아시는 트위터 들 추천해주세요,동대문에 동북 화과왕 정말 맛있어요! ,58
816,자려고 했는데 룸메이트가 술 사 왔어요,님 술은 적당히 드세요,21
817,여러분 형제들 카톡이나 연락처에 뭐라고 저장했어요? ,오라비라고 되어 있네요,29
818,온몸에 문신하려면 정말 부지런해야 돼요, 게다가 대박 비싸요,21
819,님들 꽃다발 조그마한 거 가격 얼마나 해요? ,싼 곳은 5천 원 정도고 대부분 만 원 정도일걸요?,25
820,"가게 일은 끝났고, 이제 밤일을 좀 할까요",오늘도 고생 많이했어요,23
821,난 사실 어렸을 때 우물 속으로 들어가 이누야샤랑 모험을 떠나는 게 꿈이었어요,근데 우리 집 우물에 빠져서 죽을 뻔한 뒤로는 엄마가 근처에도 못 가게 하더라고요,43
822,"아니, 나도 모르는 사이에 춘천 여행 잡혔어요","춘천은 막국수죠, 가서 맛있게 먹고 와요",25
823,전동 그라인더로 커피 콩 가니까 너무 좋아요,찾아 봤는데 너무 너무 가지고 싶어졌어요,24
824,치즈 올린 떡볶이 후드리 찹찹했어요, 치즈요?,19
825,한성대 우리 게임장 옆에 담배 집 문 열고 영업하네요,옛날에 게임장 옆에 카페 있었던 거 같은데 그 새 그런 가게가 들어섰나 보군요,29
826,님들 다 금요일에 아웃백 가주세요,저 사주신다고요? 감사해요,18
827,나도 일본 가고 싶어요!,가요! ,13
828,"저는 4,000원 주고 비닐 우산 산 다음, 작업실에 두고 와서 비 맞으면서 버스 기다리는 사람이에요", 어디세요,56
829,거울 왔어요,정말 예뻐요!,6
830,홍대 마늘 떡볶이 먹어 보고 싶어요,먹으로 가요,19
831,왜 이마트 치킨이 한창 유행했는지 알겠네요, 이마트 치킨 정말 맛나요,23
832,"아, 명란 파스타 먹고 싶어요",이거 어디에요? ,16
833,가게에 버려진 고양이가 찾아왔다던데 엄마는 키울 생각인 거 같아요, ,36
834,저는 팬티 사는 걸 왜 이렇게 좋아할까요? 지금도 많은데 일본 가서 몇 장 더 사 왔어요,그런데 양말은 필요한데 잘 안 사게 돼요,49
835,"다코야끼 먹으려면 씻고, 버스 타고 나가야 해요",다코야끼를 먹으려는 자의 의지를 보여주세요,26
836,피시방 폐업할 때 원래 아무 말도 안 하나요? 내 남은 시간은요?,"저도 13시간인가 넣어 놨었는데 한 달 정도 뒤에 가니까 다른 피시방으로 바뀌어 있고, 제 시간도 싹 다 날아가 버려서 당황스러웠어요",36
838,참는 버릇 좀 없애고 싶어요,뭐가요?,15
839,갑자기 신전떡볶이 먹고 싶어요, 저도,16
840,님들 토요일에 라붐 보러 양산 오시나요? 전 벌써 집 떠나와 어제부터 양산에서 대기 중이에요,네?,51
842,맛없는 소주를 마시는 것 보다 차라리 알코올 주사를 놓는 게 낫지 않을까요? ,맛있는 술을 드세요! ,43
843,언니 오늘 생일이었네요! 생일 축하해요!  ,응! 고마워요,24
844,요즘 성 소수자들 너무 지치지 않나요? 저만 그런가요?,너무 바쁘게 투쟁하고 저항하고 목소리 내느라 잘 몰랐는데 뒤돌아보니 너무 힘든 상반기였어요,30
845,오버워치를 위해 피시방을 포기하고 90만 원짜리 노트북을 사는 게 이득일까요,90만 원 노트북이면 데스크 탑을 맞추시는 게 나을 것 같아요,42
846,스테이크류 먹고 싶어요,그거  포크 밸리는 어때요? ,12
847,"180만 원이면 모니터 두 개랑 평범한 컴퓨터, 책상, 키보드, 마우스까지 다 살 수 있나요? ",모니터 사이즈에 좀 갈리지만 가능해요,53
848,컴퓨터 그래픽카드를 더 높은 걸로 바꾸면 제 컴퓨터 터질까요? ,파워만 좋으면 충분하죠,35
849,"아, 조개 먹고 싶어요",우리 동네에 조개구이 무한 리필 집 있어요! ,12
850,아 괜히 공포 웹툰 소리 켜고 봤다가 더 못 자겠어요,조심히 봐야겠어요,29
851,팔천 육백 원으로 다섯 시간 동안 술 마시고 있어요,대박! 거기 어디에요? ,28
852,프랑스 맥도날드는 맛있었어요,님 프랑스세요? 그래서 프랑스에서 맥도날드가 비싼 거죠!,15
853,나도 누를 때마다 빛 뿅뿅 나오는 기계식 키보드 가지고 싶은데 쓸데가 없어서 못 사고 있어요,절대 쓸데 없지 않아요! 정말 이쁘다고요,51
854,조금만 더 신나하고 마저 과제하러 가야겠어요,얼른 자야죠,24
855,이쯤 되면 사실 먹는 취향 말고 노는 취향도 궁금해져요,저한테 물어보시는 건지는 모르겠지만? 답변할게요,30
856,저 살면서 이태원 한 번도 안 가봤어요,이태원에 제가 제일 좋아하는 펍이 있어요,21
857,내일 세무서에 연말정산하러 가요,중간 퇴직자는 집에서 안돼요? ,17
858,"아, 잠깐","아, 남자친구",5
859,여러분 고시원 어때요? 한 달 정도 지낼 거예요,나름 살만해요! ,26
860,초록 언니 생일 축하해요,현서 대박 고마워요,13
861,"꼬맹이 들려 보낼 김밥이랑 초밥, 도시락 싸느라 손이 팅팅 불었어요",맛보러 가면 되나요?,37
862,"아, 롯데월드 또 가고 싶어요",가고 싶어요,16
863,요새 아이폰6s 플러스 중고가 가격이 엄청 떨어졌다면서요? ,난 50만 원에 샀었어요,33
864,"지니지니 지니, 나도 멜론 쓰고 싶어요",멜론 너무 비싸요,21
865,에버랜드 가요,"오, 용인 왔네요",7
866,저 진짜 라면 끓여요,저 라면 추천 좀 해주세요,11
867,근데 아까 자다가 언뜻 깼었는데 비 오는 거 같던데 지금은 안 오나요? ,지금은 안 와요! ,40
868,머리카락이 축축해요,이렇게 보니까 학교 2013에 나올 때 이이경 닮았어요,10
869,그 뭐지,그 펄 좋아해요? 아니면 무펄 좋아해요? ,4
870,혹시 부채 가격은 얼마에요? ,폼 안에 있어요,16
871,오늘은 무척 졸린 아침이에요,이제 졸린 건 괜찮아요? 맞아요,15
872,저 어렸을 땐 밥 떨어지면 옆집 가서 밥도 한 그릇 얻어오고 그랬는데 너무 새마을 시대 얘기인가요? ,집에  계신데도 밤중까지 옆집에서 놀다가 자고 그랬죠,56
874,"아, 제발 학교 가게 해주세요",학교를 가게요? ,16
875,퇴근 시켜주세요,너무 졸려요,8
876,수련회 다녀올게요,할 수 있어요,9
877,내일 회사에서 점심 준다는데 설렁탕이랑 갈비탕 중에 뭐 먹을까요?,갈비탕이요,36
878,이 동네에선 골뱅이무침을 파는 곳이 없네요,직접 만들어 먹는 거예요! ,23
879,감기네요,"안돼, 아프면 안 돼요",4
880,곱창에 소주 마시고 싶어요,입원 하고 싶나보죠!,14
881,썸라 수학 여행 사진 보니까 나도 수학 여행 가고 싶어요,수학 여행 재밌지만 지금 너무 피곤해요,31
883,여행 가는데 하루 칠만 원이 비싸다고 하는 친구랑은 앞으로 정말 여행 못 다니겠어요,"와,  데자뷰가 느껴져요",46
884,주 7일 야간 너무 힘들어요,돈은 일단 모아두면 좋아요,15
885,공항 도착했어요,어디 가시나요? ,8
886,"아니, 내가 에코백을 이상하게 메나요? 에코백이랑 옷이랑 너무 빠르게 쓸리니까 열 나서 맨날 옆구리가 더워요",나는 팔로 누르거나  에코백을 어깨에 멘 상태에서 가방끈을 잡거나 해요,60
887,자외선 차단제 안 바르고 돌아 다녔더니 피부가 빨갛게 올라오면서 쓰리고 아파서 피부과 가고있어요,어젯밤에 가렵고 따갑더니 지금 피부 다 뒤집어졌어요,53
888,롯데월드! 가고 싶어요,제가 연차가 없고 주 6일이어서 모르겠는데요,12
889,전 모든 비행기가 이만한 줄 알았는데 제주항공 타고 생각이 싹 바뀌었어요,동훈이 후쿠오카 가요? ,40
890,날씨가 너무 좋아서 화나네요,너네 오늘 어디 갔어요,15
891,"아, 여름에 글램핑 가고 싶어요",글램핑이 뭐예요?,17
892,어제 졸은 거 지적 받은 것 때문에 오늘 좀 열심히 하려고 했더니 너무 열심히 했어요,어제 해주기로 한 거 주세요,47
893, 스킨십 좀 그만했으면 좋겠어요,너도  허리랑 등 퍽퍽 때리고 아이구 저희 아빠 같아서요! 다 늙어서 이젠 뭐 가까이 있는 것도 안 보이시고 아유 걱정이 많아요,17
894,학교는 귀찮아서 안 가는데 오프가 없으니까 하루 종일 할 게 없네요,우리 학교 와요,37
895,6월 방학 때쯤에 친구랑 오사카로 가자고 계획은 짰는데요,슬슬 예약을 해야 할 텐데요? ,31
896,왜 내 친구들은 다 중국 여행 비추천이라고 할까요?,중국 여행 저는 너무 좋았는데 어디로 생각 중이세요?,28
897,떡국은 그냥 그 자체로 식사인데 밥을 주는 건 뭐 하라는 얘긴가요? 밥 말아 먹으란 건가요 아니면 밥하고 같이 먹으란 건가요? ,떡국 다 먹고 모자라면 밥 말아 드세요,71
898,몽쉘 서른마흔다섯 개 먹고 싶어요,일단 내가 보내줬던 케이크나 먹어요,18
899,병원 가야 했는데 어제 먹은 약이 수면 유도효과 있었네요,뜻밖의 딥 슬립이네요,31
900,용마 랜드도 막힌 건가요? 어떻게 다들 다녀오신 거예요,막힌건 아니고 돈 내고 입장이래요,30
901,"토요일 오전에 미용실 예약했고, 그 보다 더 오전에 병원 예약했어요","오, 미용실 거긴 얼마에요?",37
902,디퓨저가 뭐죠? ,가게 가보면 뭐 투명하고 작은 유리병에 기다란 막대기 꼽혀있는 거 있잖아요? ,9
903,뭔 맛이죠? 딸기 바나나는요,딸기 바나나 주스 가게 같은 데가 엄청 많더라고요,15
904,나 빼고 다 일본이에요,저 대군데요,12
905,시작해요,다녀 왔군요,4
906, 비트코인만큼이나 리니지의 아덴도 역사 깊은 대체 화폐려나요?,비트코인은 아직 금 같은 투자 자산 정도로 인식되고 있지만 아덴은 실제 활용되는 외화죠,34
907,상해 안 가는 사람은 삶의 의욕을 잃네요, 힘을 내요,22
908,비 온다더니 어디가 비가 와요,토  가게 오픈 시간 무렵부터 벤더님 퇴근 전까지 비 올 확률이 높게 책정되어 있네요,16
909,프로메테우스 안 보고 그냥 에일리언 봐도 괜찮을까요? ,저는 커버넌트 본 뒤에 프로메테우스 봤는데 프로메테우스 보면서 무릎을 탁! 치게 되는데 둘 다 괜찮긴 한데 웬만해선 프로메테우스 보고 커버넌트 보는 것도 좋다고 생각해요! ,30
910,햄버거? 롯데리아? 무슨 일 있나요? , 좋은 아침이에요! 롯데리아에서 데리버거 900원에 팔더라고요,21
911,점심 먹기 귀찮은데 뭘 먹으면 좋을까요?,유부초밥이요,22
912,밥은 원래 안 먹고 살았으니 자는 걸 선택하기로 했어요,전에 했던 디엠 내용을 손짓할게요,30
913,커피 사서 들어갈까요? , 저도 사 들고 가고 있어요,13
914,토끼 인형 사고 싶어요,저거 팔아 줬으면 좋겠어요,12
915,여러분 옷 가게 많은 곳 추천 좀 해주세요,잠실 지하상가 어때요? ,23
916,내가 먹어 본 부대찌개 중 최고예요,금수 부대찌개죠! ,19
917,요새 혼자 밥먹는 거 진짜 익숙해졌어요,지금까진 혼자 밥먹는 거 안 했단 소리네요,21
918,주말 아르바이트 구했어요, 축하드려요,13
919, 강남 쪽에 항시 파스타나 리조또 먹을 수 있는 곳 찾았어요,완전 뿌듯하군요,33
920,"홍대, 합정, 망원 뭐 이쪽 주변에 평일 밤에 조용하고 깔끔하고 맛있는 음식 파는 곳 어디 가 좋을까요",조용했던가요,57
921,무민 우유 사 먹고 싶은데 어느 편의점에 파는 거죠?,지에스에 있어요,29
922,거기 만큼은 맛이 없었어요,약간 다 다른 맛이에요,14
923,나도 오사카 가요! 근데 우리 가족들 도쿄는 왜 다 떨어졌어요? 도쿄도 가고 싶어요,"오, 초면인데 반가워서요",46
924,비트코인도 그렇고 총량이 정해진 자원인데 이게 가격이 상승하는 이유를 모르겠네요,"일단 지난주 랜섬웨어로 대중의 관심이 다시 돌아왔고, 이 상황에서 트럼프 탄핵 위기로 안정 자산이 급등했어요",44
925,"오, 우리 회사 근처 우체국 직원 옐키네요",누구 좋아하는지 궁금해요,23
926,6월 3일에서 5일 도쿄 항공권 30만 원대 라면 질러도 되는 건가요?,여름의 도쿄는 최고죠!  집 비우면 플레이 스테이션 털러 갈 거예요,39
927,내일은 쉬는 날이니까 바다 갈래요,슬리퍼 신고 운동복 입고 나가야죠,18
928,집 안 가고 학원 가는 중이에요,집에 가버려요,17
929,진짜 진짜 진짜 좋아하는 윤딴딴이 우리 학교 축제 오는데 내일 학원 공부 때문에 못 가는 거 실화에요? ,그렇지만 학원 내뺀지 이틀 밖에 안 됐어요,58
930,우리 집 앞에 이렇게 장미가 활짝 폈는데 왜 난 몰랐을까요?  ,이쁘네요,35
932,저녁 뭐 먹을까요,햄버거요,9
933,짝남이 계속 나한테 말 시켜서 설레요,메시지로 썰 풀어주세요,20
934,시사회 안 되면 일반 관 조조라도 보고 싶은데 제가 회사를 가네요,저 사는 곳은 조조가 늦게 해서 끝나면 점심시간이에요,36
935,예뻐서 울고 있어요,요정 같아요,10
936,동생한테 민증 발급하라고 편지 왔어요,내 동생은 12월생이네요,20
938,장어 먹고 싶어요!, 저희 집 장어집 해요! 먹으러 오셔요! ,10
939,학원 마치고 다시 학교 왔어요,"아아,  힘내세요",16
940,은행에 일 보러 갔는데 창구 직원이 신분증 보면서 저기 여기 숫자가 1인데라고 하길래 트랜스젠더라고 했더니 인감으로 일 처리하면 신분증 안 보여줘도 된다고 앞으로 인감 가지고 다니라고 조언해줬어요,귀찮으니 그냥 민증 들고 다녀요,109
941,금요일 공강인데 왜 때문에 체육대회 필참일까요,2학년도 체육대회 필참인가요? 진짜 싫네요,25
942,너무 예쁘네요,이거 벌써 걸렸네요,7
943,팀원 두 명이 다이어트 한다고 해서 900원짜리 마카롱 사 와서 돌렸더니 잘 먹네요,그 고민할 때 머리 양옆에 나타나는 조그마한 천사랑 악마 중에 악마 같아요,46
945,이러고 집 가는데 사람들이 날 너무 한심하게 보는 게 티가 나네요,자아 존중감을 가져요,36
946,지금 내 앞에 도넛 가게 있는데 쟤가 나 유혹하네요,넘어가버리세요,28
947,조기 퇴근 좋아요,박수 짝짝 치세요,9
948,왜 다들 7월에 부산 코믹월드 가는 거예요! ,전 안 가요,25
949,판교역 CGV에는 가독성이 매우 떨어지는 영문 안내판이 걸려있어요,빛이 글자를 통과해서 글씨가 뚫어진 듯한 폰트네요,36
950,오전에 내과 가니 스트레스성 위염일 거라는데 역시 회사 그만 다녀야 해요,빨리 그만둬요,40
951,네모난 수박 나왔으면 좋겠어요,저는 수박 사자마자 수박 칼로 해체 한 후 큰 김치 통에 담아 놔요,16
952,이랑 밥 먹으러 왔어요!  ,살살 녹겠어요,15
953,이번 여름엔 어디로 갈까요? ,일본이지 어디겠어요,16
954,수육튀김 대박이죠? ,"우와, 어디에요? ",11
955,퇴근시간에 외근 가니 사람이 많네요,야근이에요?,19
956,널 또 먹을 수 있다니 반가워요,저게 그건가요? 나폴리탄? ,17
957,대학로에 진짜 예쁜 카페 백만 개있어요,어딨어요? 추천 좀 해주세요,21
958,오늘은 기분이 좋으니 냉동 조질게요,영내에서 할 수 있는 최고의 사치죠,19
959,돈 없다면서 먹을 거 사 먹을 돈은 있는 저예요,맛있겠어요,26
960,영화관 왔어요,나도 가고 싶어요,7
961,이름 부르면 쳐다보는 게 너무 신기해요,너굴이가 키우는 고양이에요? 너무 귀여워요,21
962,동네에 명랑핫도그 생겼네요,맛있어요,14
963,도대체 비트코인이 뭐 때문에 저렇게까지 가격이 오른 건가요? ,돈 세탁하기 좋잖아요,34
964,평일인데 알바를 가셨군요, 이제 실습 노예에서 알바 노예가 되었어요,13
965,비트코인이 뭔가요?,개별 암호화 방식으로 생산 되는 전자화폐예요,10
966,숙소 도착했는데 너무 작아요, 원래 다 그래요,15
967,물리치료받고 왔어요,아파요? ,10
968,키 작은 여자 쇼핑몰이라면서 모델이 165cm에요,키 작은 여자 쇼핑몰 쇼퍼랜드 추천해요,27
969,사야 할 게 생겼어요,너무 퀄리티가 낮아요,11
970, 휴대폰 고쳤어요,오늘 서비스센터 갔는데 노트 2 액정 남은 게 딱 하나 있어서 그걸로 고쳤어요,9
971,"아니, 이 동네는 양아치 동네인가요",형 거기 무서운 동네였어요? ,19
972, 모르는 사람한테 전화 왔어요,기억해주세요! ,16
973,제발 한국을 뜨게 해주세요 정말로요,같이 떠요,19
974,브러쉬 엄청 많은데요?,저도 다이소 브러쉬 사용하고 있어요! ,12
975,고3 하기 싫어요, 저도요,9
976,저번에 예비군 가니 트레이너 하던 아저씨가 있어서 운동을 어떻게 하면 좋을까요라고 물었더니 일단 좀 많이 드세요라는 대답을 들었어요,벌크업이면 식사랑 하체하면 돼요,73
977,밥 먹으러 왔는데 가게 왔어요,분위기 대박이네요,16
978,휴가 쓰고 대만 갈까 진지하게 고민 중이에요,대만 진짜 좋아요,24
981,하루 매출 1억 원인 에그타르트 가게가 있다길래 뭐지 하고 봤더니 유럽투어 갔을 때 들렀던 곳이네요,진짜 맛있어요,55
983,5개씩 랜덤인데 어떤 걸 사야 하나요? 가격 비교도 해봤는데 어려워요,저럴 때 내적 갈등이 심해져요,38
984,예! 내일 학교 안 가요,부러워요,13
985,나 원래 플레인 요거트 안 먹었었는데 요즘은 하루에 한 그릇씩 먹어요,오오 저 플레인 요거트 엄청 좋아해요!,38
987,나 얼굴에 다크서클 어떡하죠,자면 없어지지 않아요?,15
988,아 사진들 보니까 전시회 빨리 가고 싶어요,내 친구도 전시회 간대요,23
989,퇴근이에요,고생하셨어요!,5
990,티타임이에요,오믈렛 저거 맛있어요?,6
991,우리 가게 찹스테이크에요,맛있겠어요,13
992,이거 샀어요,와 추억 생각나요,6
993,내일모레 또 오랜 시간 비행기를 타는데 비행기에서 소설이 제일 잘 써지는 것 같아요,아니 벌써 가시나요,46
994,"그러고 보니 나 네일아트 받고 생각 든 게 아, 너무 좋아 이거 또 받고 싶어! 가 아니라 진짜 재밌네! 나도 해 주고 싶어! 였어요",그래서 네일아트 하시는 분한테 이것저것 물어봤어요,74
995,버스 고민이에요,프리미엄요? 우등 말고 이번에 새로 나온 거요?,8
996,겟아웃 봤어요,그거 되게 무섭다고 들었어요,7
998,와 이사 거의 하루 남았어요,다른 집 이사 갈 때 느낌 좋아요,15
999,제주도 바다색 진짜인가요? 진짜예요,제주도 너무 좋아요,19
1000,앗 그렇다면 타자 쳐서 필기하고 한글로 레포트 쓰실 일이 더 많으시려나요! 많이 무거운 프로그램 돌리시는 게 아니면 아이패드프로 사셔도 별 무리는 없을 것 같은데 고학년이 되면 노트북 필요할 수도 있겠네요,하지만 그러려면 애플 펜슬에 전용 키보드까지 사셔야 돼요,114
1001,양념 막창이나 김치 삼겹살 먹고 싶어요,김치 삼겹살 진짜 좋아요,21
1002,"안녕하세요! 지금 2학기 국가장학금 신청하려 하는데 1, 2유형 중에 뭘 신청해야 하는 건가요?","국가장학금은 한 번의 신청으로 1, 2, 다자녀 유형이 함께 신청돼요",53
1003,6월에 비행기 표 끊어도 남아있을까요?,제가 매번 출국 1-3주 전에 끊어봐서 아는데 의외로 남아있어요,21
1004,이거 나왔어요! 너무 귀여워요,중복 하나 나 주세요,16
1005,집 가요,그래도 하루 쉬고 청주 가니 다행이에요,4
1006,내 렌즈 아름다움을 봐달라니까요,정말 예쁘다!,17
1007,음 컵라면 보니까 생각나는데 일본 컵라면은 누가 봐도 확실히 맛을 알겠다! 하는 거 아니면 안 먹는 게 낫겠더라고요,야끼소바가 맛있어요,64
1008,미니2랑 탭s2 넥서스 9 중에서 뭘 살까요?,미니 2죠! ,25
1009,2층 갈 사람 있나요? 첫 콘서트에요,혹시 몇 구역이에요?,20
1010,오 이제 자도 돼요,주무세요,10
1011,아 맞아요,생일 축하해요! 헉 지금 제가 해 드릴 수 있는 게 박수뿐이라니요,5
1012,이거 조금 귀여운 듯해요,귀엽다는 뜻이지요?!,13
1013,요즘 저녁 밖에서 대충 먹었더니 살쪘어요,많이 바쁘셨나 봐요,22
1014,결국 가게 되겠군요,어디가요?,10
1015,어 지금 녹차를 많이 마셨는데 부작용에 이뇨작용이 있었을 줄 몰랐어요,녹차에는 카페인이 들어있어서 화장실 자주 가게 돼요,38
1016,스테이크에 샐러드 나오는 줄 모르고 샐러드 또 주문해서 결국 남겼지만 실컷 먹었어요,맛있어 보여요,46
1017,아 서울 부러워요,나도 서울 가고 싶어요,9
1018,오예 7월에 일본 여행 가요,어서 오세요! ,15
1019,어제 한 끼도 안 먹었어요,주무시기 전에는 항상 배를 든든하게 하셔야죠!,14
1020,눈이 너무 아파서 깼는데 지금 눈 상태 심각해요,괜찮으신 건가요?,26
1021,어느 나라일까요?  ,맥주! 소시지! 시계탑! 와우! ,11
1022,자고 일어났는데 배 아파요,아이고 아침부터 배 아프면 힘든데 어떡해요,14
1023,에버랜드 가고 싶어요,나도 에버랜드요,11
1024,시험이지만 하루 정도는 갔다 와도 되겠죠?,될 거예요!,23
1025,아침에 복도에서 두 번 쓰러졌어요,헉 괜찮으세요? 으아 오늘은 쉬시는 게 좋지 않을까요?,18
1026,어쩌다 보니 오늘 수업 끝나고 집 가게 되네요,내일 수업은요?,25
1027,준등기는 뭐예요?,우편 추적 가능한 일반우편이요,9
1028,2박 3일로 오사카 여행 가면 비용 얼마 정도 드나요?,나 3박 4일로 갔을 때 70만 원 정도 들었던 것 같아요,30
1029,생일이에요,생일 축하해요,5
1031,쏘카 알아봐야겠어요,저도 태워주세요,10
1032,남편이랑 같이 집으로 가고 싶어요,어서 가세요,18
1033,오감이 예민한 오늘이에요,조심해야겠어요,13
1034,집에 왔어요,목이 웬일로 다 쉬었네요,6
1035,혼자 너무 심심해요,저는 그냥 집에서 영화를 보고 있어요,10
1036,정말 맛있군요,부러워요,7
1037,컵누들 맛있는데 칼로리가 너무 낮아서 배가 안 불러요,헉 엄청 낮네요,29
1038,학교에서 킨텍스 왔어요,헉 저희 학교도 가 있어요!,12
1039,가라아게랑 후라이드 치킨이랑 뭐가 다른걸까요,가라아게는 간장을 메인으로 간한 닭고기에 계란을 묻히고 가루를 묻혀 튀기는 거래요! 튀김옷을 입히지 않은 것이에요! 후라이드 치킨은 걸쭉한 액체 상태의 튀김 반죽을 입히는 게 대부분이라는 느낌 정도요?,24
1040,독일 기차 패스 282829191개라 뭘 해야 할지 모르겠어요,뮌헨 주변 오갈 때는 바이에른 티켓 사시라고 하고 싶네요,34
1041,클래식 기타 살까 말까 고민되네요,사세요! ,18
1042,곧 한국 떠나요,더위 조심하고요,8
1043,보드게임카페 가고 싶어요! ,진짜 재미있어요,15
1045,"같은 부서 언니들 모두 우도를 추천하시는데, 양복 입고 핑크 스쿠터에 부릉부릉 우도 드라이브라니 정말 멋진데요? 2시간 2인용 35000원인데 고민이에요",우도에서 전기 스쿠터 타는 거 재미있어요!,85
1046,이거 먹었어요,샌드위치 너무 맛있어 보여요,7
1047,"수강생이 신규로 조금 들어와서 평소 궁금했지만 못 해봤던 회전초밥 그릇 색깔 안 보고 먹기를 해봤는데, 음 배부르게 아니고 허기 가실 정도로만 먹었는데, 브랜드 일식집 정식 가격이 나왔어요",뭐 드셨는지 궁금하네요,105
1048,집에 가는 시간까지 생각하면 나는 5시간 정도가 지나야 잠을 잘 수 있어요,다섯 시간 뒤가 아니라 지금 당장 다섯 시간을 우리 집 침대에서 포근하게 자고 싶어요,41
1049,동성로 젠틀몬스터! 색감 최고예요,여기 최고예요,18
1050,오!,몽쟈는 행복해요,2
1051,달콤한 분위기 좋았어요,여기 뭔가 굉장히 친숙한데 아직 안 들어가 본 곳이에요,12
1052,아 서울 가려다가 안 가게 되니까 뭔가 마음이 휑해요,안가요?,29
1053,일본 갔다 오신 분들 2박 3일 정도면 얼마 써요?,2박 3일은 모르겠는데 5박 6일로 가서 7만 엔은 썼어요,28
1054,동생 옷을 망가뜨리지 않으면서 털도 잘 안 날리고 독립적인 애완동물 있을까요?,주인이 집에 없으면 기뻐한다는 햄스터 어때요?,43
1055,아름다운 가게 봉사하는데 가발 누가 기증하신 거죠,집어와요,27
1056,나 아팠나요,"저도 어제 자는 척하다가, 잠들었다가, 살짝 깼다가, 다시 잠들었는데 어제 10시부터 오늘 9시까지 잔 저보고 아픈가? 했어요",6
1057,오늘은 명랑 핫도그를 먹겠어요,아니 설마 학교 근처에 있습니까?,16
1058,오늘 날씨 너무 좋아요,난 일요일에 놀이동산 가요,12
1059,이거 맛있나요?,저희 맥주 가게에서 파는 건데 8,8
1060,맛있게 먹었으니 집 가요,초밥 좋아하시는군요!,13
1061,제주 게스트 하우스 추천 좀 해주세요,기다려주세요,20
1062,그래도 오늘 가게 한가해서 좋았어요,다행이네요,19
1063,이상하게 일본 여행만 가면 먹어도 먹어도 배가 고파서 저녁을 먹고 오는 길에 두 손 가득 또 저녁거리가 들려 있어요,맛있는 게 많아서 그래요,64
1064,오사카 놀 거리 추천받습니다,돈이 넉넉하다면 유니버셜 스튜디오가 최고죠! ,15
1065,정말 여기 보드카나 그런 거 엄청 싸요,여기 절반 가격이네요,21
1066,하암 배고파죽겠어요,수업 얼른 끝내줘요,10
1067,가방 선물 받았어요,여기에 파우치도 있대요,10
1068,홍어 먹어보고 싶어요,"나도 홍어 푹 삭힌 거는 못 먹는데 살짝 삭힌 홍어, 돼지고기 수육, 묵은 김치 이렇게 해서 삼합으로 먹으면 진짜 맛있어요",11
1069,이마트에 전화해서 게임 소프트웨어 있는지 물어보면 알려주나요?,"네, 알려줘요!",34
1070,"그래, 내가 입맛이 없었던 건 야채곱창을 못 먹어서였어요",야채곱창 먹고 싶어요,31
1071,배송은 대한통운으로 했다고 해요! ,오늘 보낸 건가요? 송장 번호는 알 수 없을까요? 거의 집에 없어서 오는 날을 알아야 대문을 열어두고 나가거든요,19
1072,머리 살짝 묶일 만큼 남겨 달랬는데 진짜 살짝이잖아요,단발하셨어요?,29
1073,따흑 노트북 뭘 써야 좋지요? 검색해도 모르겠어요,어떤 거 찾으세요? 견적은 좀 봐 드릴 수 있을지 몰라요,27
1074,청소시간이에요,바쁘진 않나요?,7
1075,어제 GS 편의점에서 궁금해서 사 본 오트밀 쿠키가 너무 맛있어요,그런 건 사진도 같이 올리는 거예요,36
1076,위염하고 감기가 같이 와서 오늘 쉬기로 했는데 장례식장 가게 될 줄은 몰랐네요,하필 쉬는 날에요,43
1077,! 은 어디서 비행기 티켓을 보나요? 뜬금없이 죄송합니다,저도 너무 뜬금없어서 죄송합니다,31
1078,숭실대학교 앞에 생긴 더코네라는 음식점에 왔어요,가격 엄청 착하네요,26
1079,수학여행 와서 탄생석 팔찌 샀아요,헉 너무 예쁘네요,18
1080,일본 도쿄 여행지 추천받아요,축제 기간 맞춰서 가시면 더 좋아요,15
1081,귤 젤리 두 통 주문했어요,"레몬 젤리도 되게 맛있어 보여서 주문하고 싶었는데, 가격이 두 배 급이라 저절로 포기가 됐어요",14
1082,어제 순두부찌개 먹었으니 오늘은 제육볶음 먹을래요,아 귀여워요,27
1083,집 앞에 5개나 있길래 궁금해서 사봤어요,이거 진짜 맛있어요,22
1084,팔도 비빔면 많이 맵나요? 뭔가 먹긴 해야겠는데 매운 거 먹으면 삶이 힘들어져요,그다지요? 음 매콤하구나! 하는 느낌이에요! 초고추장보다 살짝 매운 정도?,44
1085,오케이 예매했어요,예매요?,9
1087,오랜만이에요,녹차 맛도 사랑이에요,6
1088,힘들어요,육회 먹어요,4
1089,만화 카페 왔는데 50분간 무엇을 읽을까요?,50분이라 애매한걸요,24
1090,누구 같이 갈 사람 없나요? 힙합 안 좋아해요?,가고 싶어요,26
1091,여러분 이거 먹으세요,어디서 팔아요?,11
1092,염색 무슨 색으로 할까요?,파란색이요!,14
1093,정말 충격적이에요,안경테요?,9
1095,부산대학교에서 파는 수박주스! 수박이 좋아요,진짜 생과일이네요!,24
1096,결국 파우치 두 개 다 주문 넣었어요,결국! 일단 샘플로 두 개다 주문 넣으신 거예요?,20
1097,개인적으론 두부하고 돼지 뒷다리살의 베이스로 여러 가지 해 먹는 걸 추천해요,후지 생고기는 생각 외로 귀하더라고요,42
1098,"음 원래는 위에 케이크가 2500원짜리고, 밑에 왕슈도 3500원 짜리에요",히잇 저도 왕슈 정말 좋아하는데 너무 맛있어 보여요,41
1099,레포트에 쓰려고 감지기 직접 찍는데 학교 근처 가게란 가게는 다 돌아다니는 중이에요,"금은방에 적외선 감지기 있길래 찍으려고 카메라 켜서 초점 잡고 있는데, 저기요 지금 뭐 하세요? 찍지 마시고 가세요 이 소리 들었어요",46
1100,가게 청소 끝났어요,무슨 가게에요?,10
1101,가게 너무 찾기 어려운 곳에 있어서 찾은 게 기적 같았고 맛있었어요,예뻐요!,37
1102,아슬아슬하게 도착할 거 같은데요,탈 수 있을 거예요,17
1103,"멍청하게 어제 퇴근할 때 지갑을 놓고 나와서, 출근 안 하는 날에 굳이 대치동에 와서 학원에 가서 지갑을 찾아들고 오는 이 끔찍한 상황",금세 치유되네요!,75
1104,가게 이름이 바뀌었으면 아마 주인도 바뀐 게 아닐까 싶어요,미성년자한테 술 팔았다가 영업 정지 걸리고 주인 바뀌었어요,32
1105,"지난번에 갔었던 안마의자 있던 카페가 시원한 건 모르겠고, 깊은 잠을 자기에 아주 좋았아요",추천해주세요! ,50
1106,일요일에 나 만나서 글 쓰는 내 옆구리 찌르면서 글 쓰게 재촉해줄  안 계시나요? 대전이에요,대전입니다만요,51
1107,"한국 갈 준비로 짐 싸고 있는데 제일 걸림돌이 마이크, 오디오 인터페이스, 책들이에요",포장 꼼꼼히 하고 수화물로 못 보내요?,47
1108,타코야끼 먹고 싶어요,타코야끼 맛있죠,11
1109,제일 약한 불에 했는데 왜 탈까요,"냉동되어 있던 거면 전자레인지에 돌리거나, 겉에만 좀 익힌 다음에 물 붓고 뚜껑 덮어서 찌듯이 익히면 되지 않았을까요? 탄 부분은 꼭 제거하고 드세요",18
1110,예정대로 6시 30분에 도착 가능하나요? 아니면 조금 늦나요?,늦을 것 같아요,34
1111,나 내일 서울교육대학교 가요,서울 오시는군요,15
1112,"오늘은 친구가 너는 살을 조금만 더 빼고, 눈썹 다듬으면 진짜 예쁘겠다!라고 하길래 내 예쁨의 기준은 내가 정하고, 난 예뻐",오 정말 멋있어요,69
1113,나 값 잘못 읽은 거 아니죠? 이거 가격 왜 이래요,한정판 이런 거 아닐까요?,28
1114,우리 가게 놀러올 사람들 없나요,기회가 되면 꼭 가볼게요!,17
1115,75mm 손거울 대체 무게가 몇이죠? 준등기로 보낼 수 있을 정도인가요?,주문한 곳 물건 상세정보에 나와있지 않나요?,40
1116,오늘 진짜 코인 노래방 갈 거예요,하 천 원에 노래 세 곡,18
1117,부산역 근처에 깨끗하고 저렴한 묵을 곳이 있을까요?,그 차이나타운 안쪽에 게스트하우스 하나 있어요!,28
1118,맛있어요,나도 주세요,4
1119,"우리 아빠, 진짜 내가 엄마 뱃속에 있을 때 오밤중에 겨울에 눈 오는데 닫힌 가게 문을 쾅쾅 두드려서 아이스크림 사다 줬다고 계속 얘기해요","감기 걸렸을 때, 붉은 산수유 열매 가져오는 감성이랑 비슷한 거 맞죠?",77
1120,그것보다 저녁 뭐 먹을까요,김치찜이요,14
1121,비행기 항공권이 대기 떴다가도 좌석이 또 나올 수 있는 건가요? 추석연휴 기간이라서요,나오기 힘들어요,47
1122,닭갈비 맛있었어요,아 나도 주세요,9
1123,피자 비주얼이 너무 아름다워요,아 오늘 피자 먹을까요?,16
1124,언제 봐도 흐뭇해요,언니 액자 너무 예뻐요,10
1125,명랑 핫도그에서 맨날 모짜만 먹다가 오늘 점보 먹었는데 정말 맛있어요,가래떡 드세요,38
1126,우엥 계속 입에 뭔가를 넣고 싶어요,케이크요! ,19
1127,28일에 나랑 만날 사람 더 없어요?,나랑 만나기로 했잖아요,20
1128,나도 입술 좀 예뻐지고 싶어요,"아이고 요즘 환절기라 안 그래도 많이 트는데, 립밤을 자기 전에 바르고 자면 좀 나아요!",16
1129,약이 너무 독해서 졸려요,뭐예요? 약 왜 먹는 거예요?,13
1130,친구들하고 중화요리 먹고 산책하면서 사진 엄청 많이 찍었어요,어서 사진 보여주세요!  그림 솜씨만큼 엄청 예쁘시던데요,33
1131,스테이크 먹고 싶어요,고깃집에서 쇠고기 구워 먹어도 되니까 나타나 주세요,11
1132,미트볼 스파게티 먹고 싶어요,저 오늘 먹었어요,15
1133,후쿠오카 2박 3일 코스 추천받습니다,전철로 30분 거리에 다자이후 신사도 괜찮아요,20
1134,집에는 혼자고 지금 열이 나는데 어떡하죠?,약을 드세요!,23
1135,갑자기 졸려요,주무세요,7
1136,그림을 그리고 싶은데 그려도 되는 걸까요?, 그림체 제가 좋아합니다,23
1137,아 너무 졸려서 미칠 거 같아요,"일어나요, 헤르 씨",17
1138,혼자 여행이나 다녀올까요,여행 어디로요?,13
1139,편의점에서 술 4개에 만 원씩 파는 게 싼 건가요?,수입 맥주 1캔 가격이 2500원이라면 싼 거 맞습니다,28
1140,일과를 마치고 나니 밤이 되어 있네요,일과 후는 항상 어두워요,20
1141,아! 저 티셔츠를 입고 그 위에 유니폼을 입으라는 거였군요! 이제야 알았어요,혹하지 마요! 혹하지 마!,42
1142,오늘 엄마랑 데이트하면서 먹은 빙수예요! 정말 맛있어요,맛있어 보여요,30
1143,"오늘 친구랑 놀다가 샀어요! 발색은 연하지만 뭐, 케이스가 예쁘니까요!",헉 이거 얼마예요?,39
1145,잠옷 바지 새로 샀어요,탐나네요,12
1146,다 1인분은 포장이 안 된다고 해요,닭갈비 너무해요,19
1147,면접 합격했어요,헉 축하해요! 무슨 면접요?,8
1148,"0이 천 원이에요, 만 원이에요? 저 너무 헷갈리는데 저는 만 원으로 알고 있어요","분식집 같은 어린  많은 곳에서는 천 원이고, 카페나 좀 가격대 있는 음식점 같은 곳은 만 원 아닐까요?",45
1149,형 혹시 이번 주 토요일 저녁 시간 돼요?,내일 돼봐야 알 것 같아요,23
1150,이 후드티 너무 내 취향인데요, 저랑 같이 구매하실래요? 노란색 너무 예뻐요,16
1151,이 와중에 사진전 가고 싶어요,"가요, ",16
1152,또 크게 다쳤어요,또 왜요,9
1153,"신기해서 사 와봤는데 8개 들었고 가격은 2500원, 맛있지만 비싸군요",그래서 혼자 드셨어요? ,39
1154,작업실에서 커미션 작업하는데 계속 폭음이 들리길래 나가봤더니 폭죽 소리였어요,폭죽이 터지더니 그쪽이었나 보네요,42
1155,쿠바 샌드위치 한 번 먹어볼 거예요,맛있어요! ,19
1156,선풍기야 어디 있어요,언니 잃어버렸나요? 선풍기야 얼른 돌아와요,11
1157,생각해보니 말해 놓고 잊고 있었어요,생일은 이제 안 반가워요,19
1158,진지하게 기타 그만두고 베이스를 시작해 보고 싶어요,베이스 독학은 추천은 안 해요,28
1159,"콘서트 갈 때 에코백 들고 가요, 백팩 들고 가요? 백팩은 그냥 학교 갈 때 들고 가는 직사각형 회색 가방이에요",난 백팩요! 저번에 에코백 가져갔다가 엄청 힘들었어요,62
1160,세상에서 벌레 중에 모기가 제일 싫어요,나는 바퀴벌레요,21
1161,"여러분 제가 이제 기숙사로 가게 될 건데, 친한 친구 두 명하고 총 세 명이 기숙사에 살면서 미용실로 출퇴근을 할 텐데 자취에 어떤 것들이 있어야 할까요? 미리 적어두려고요",빨래건조대랑 이불이랑 옷걸이요,96
1162,요즘 진짜 고구마 524개 먹은 느낌이라고요,사이다 어디 갔어요,24
1163, 우리 가게 나 먹이는 거 때문에 적자날 거 같아요,어머니 가게에요?,28
1164,이번 주말에 입으려고 긴소매 블라우스 주문했는데 가을이 되어야 입을 수 있을 거 같아요,배송 너무 느리네요,48
1165,오래간만에 뵙는군요,보다시피 이랄까요? 멀쩡해 보이지 않아요?,10
1166,차 값 수준 자전거 처음 봐요,헉 보기만 해도 귀티가 나요,16
1167,아빠랑 친구한테 생일선물 뭐 사달라고 하죠,옷? 아 옷은 이미 많으신가요,23
1168,헉 이거 어디서 파나요?,세븐일레븐이요!  ,13
1169,"님들 저 가발 이렇게 생긴 거 사거나, 세팅해야 하는데 어디서 사야 할지 모르겠어요",앗  혹시 예산은 어느 정도 생각 중이세요?,46
1170, 바깥 부분이 맛있어요,"아니, 이 무슨 약과 길쭉하게 생긴 건가요?",12
1171,뭘 해야 사람들이 기뻐할까요,사람은 자기 자신이 제일 중요한 법이잖아요,15
1172,양도 어떻게 받는지 아시는 분 계세요?,그거 현장에서 양도해 주시는 분이 표 받고 양도받는 분한테 표 드리는 걸로 알고 있어요,21
1173,이거 제 인생 샤프에요,비싼 만큼 너무 좋아요,12
1174,"생각했던 레드는 아니지만 그냥 뭐, 써야죠",헉 예쁜걸요,23
1175,아 마카롱 내가 제일 좋아해요,저 정도면 거의 만 원어치에요,16
1176,아이스크림을 받았는데 라멘 모양이에요,신기하네요,20
1177,요즘 고등학생들 학원 왜 이렇게 늦게 끝나죠,"저도 고등학교 2학년 때는 11시에 끝났는데, 고등학교 3학년 때는 12시에 끝나고 그랬더랬죠",24
1178,시곗줄이 낡아서 바꾸려고 알아보는데 가격이 4만 원대예요,전 시곗줄을 바꿀 거예요,31
1179,평화로운 밤이네요,그러게요,9
1180,님들 도와주세요,아니에요,8
1181,메론 술 진짜 맛있었어요,사진 아래 반만 나온 계란말이에 대해 조금 알고 싶어요,13
1182,여행 끝 무렵 가족들이 오기로 했는데 조카 둘이 있어서 일정 짜기가 힘들어요,"제주, 그런지 몰랐어요",42
1183,새로 나왔대요,진짜 귀여워요!,7
1185,"오늘도 지각 안 하고 아침 먹어서 좋았고, 우유 잘 먹었어요",지각을 안 하다니 정말 좋은 딸이네요,33
1186,"나도 뭐지, 태블릿 갖고 싶어요","어, 보통 라파즈나 와콤을 쓰는 걸로 알아요",17
1187,아 가디언즈가 아니라 가디언의 전설이었어요!,가디언의 전설 엄청 재밌죠,24
1188,호텔 자체의 퀄리티가 매우 좋네요,평생 갈 일 없을 것 같은 호텔이에요!,18
1189,유튜브에서 영화 구매하면 소장 가능한가요?,소장이랑 대여랑 나누어져 있던 걸로 기억해요!,23
1190,응슈언니 취한 것 같은데요,누가 취했다고 그래요,14
1191,오늘 저녁은 돼지 목살이랑 비빔면! 비빔면은 역시 돼지고기랑 먹어줘야 해요,인정합니다,41
1192,뭔가 사고 싶어요,이거 규현이 오빠가 신은 거예요,9
1193,"맞다, 오늘 올리브영 갔다가 처음 보는 브랜드 있었는데 디자인부터 성능까지 완전 취향 저격이었어요",오 토요일에 한 번 가봐요,54
1194,부산에서 내 택배 받아줄 사람! 6월 3일에 찾으러 가요,왜 부산이에요?,31
1195,혹시 저에게 출력본과 인쇄본의 차이를 알려주실 분 구해요,"간단하게 말하자면 출력은 우리가 아는 프린트 한 장, 한 장 출력이고요, 정해진 규격대로 그 종이 써서 뽑는 거라서 양이 많아질수록 가격이 불리해요",31
1196,여름에 돈 벌어서 서울 투어도 한 번 해야겠어요,"제주도는 차 없어서 좀 무리고, 사실 근데 서울 가는 돈이면 부산에서 배 타고 후쿠오카 가도 돼요",26
1197,헉 수박,"아니,  어떻게 살아계신 거예요",4
1198,퇴근했어요! 오늘은 제발 오전에 깨지 않게 해주세요!,얼른 들어가서 자요!,29
1199,양꼬치 가게가 엄청 많이 생겼는데 양꼬치 집은 잘못가면 누린내가 엄청 심하대서 함부로 모험을 못 하겠어요, 막상 가서 확 그러면 좀 슬프고요,58
1200,이 가방이죠? 백팩 너무 예쁜데 가격이 안 예뻐요,얼마에요?,27
1201,사람들은 부에 대해서 한층 자연스럽게 생각하는 것 같았어요,각자 지불할 수 있는 수준에서 최선을 즐길 수 있어요,32
1202,역시 이 시간에 버스를 타야 사람이 없어요,만원 버스 지옥이에요,23
1203,나 코끼리 열차 타요!,코끼리 열차 최고예요!,12
1204,아 지옥철에 있어요,인천에서 버스 타지 왜 지하철 타고 천안을 갈 생각을 했어요,10
1205,엄마가 너무 촉감이 좋다고 어제 사서 가져오자마자 뺏어서 안고 주무셨어요,저거 진짜 좋아요,40
1206,지금 체험학습 가고 있어요,우와 잘 다녀오세요,14
1207,요새 액정 바꾸는 비용 어떻게 되나요,노트7이라면 10에서 20만 원 일 거예요,20
1208,"생긴지 좀 된 거지만, 지나갈 때마다 신기한 사과자판기",우리 학원에도 있었으면 좋겠어요,30
1209,내 발목 나간 거 같아요,"병원 꼭 가고, 가서 물리치료 시키면 주기적으로 물리치료 꼭꼭 잘 받으세요",13
1210,9시 수업인데 아직도 학교까지 20분이나 더 가야 해요,그것은 통학하는 사람의 비운이에요,30
1211,휴강 공지를 안 하다니요,헉 그럴 때 참 짜증 나죠,13
1212,"날씨 대박, 하늘 대박이에요",어디 가요,15
1213,어제 몇 시에 잔 거예요,3시요!,13
1214,노트북 사기로 결정했어요! 밖에서 작업할 일이 많으니 LG 그램으로요! 근데 아직 모니터 사이즈를 뭐로 할지 정하지 못했어요,5? 역시 가게 가서 실물 보시는 게 가장 좋을 거 같아요,69
1215,포켓 와이파이 해외에서도 잘 터질까요?,저 일본 갔을 때 썼었는데 제 에그보다도 훨씬 더 잘 터져서 놀랐어요,21
1216,"비행깃값, 호텔 값, 놀고먹는 값 계산하면 대략 60만 원정도 될 거 같은데, 아마 남길지도 모르겠어요",와  어디 가세요,57
1217,8월에 베트남 다낭 여행 가요,다낭! 항상 티비로 만 봤어요,16
1218,아 지하철 타는 거 너무 힘들어요, 저도 진짜 일본 가서 미아 될 뻔했어요,18
1219,일어나셨나요! 저는 가는 중이에요,네! 저도 가는 중이에요,18
1220,아싸 라멘 가게에서 뽑기 4등 뽑아서 콜라 공짜에요,헉 무려 콜라가 공짜! 좋겠어요,28
1221,즐거운 여행하고 계시나요?,조금 늦게 가게 됐네요,14
1222,이제 집들이만 하면 돼요!,치킨에 술 들고 가면 돼요?,14
1223,우리 집만 그런 건지 모르겠지만 오늘 날씨 되게 선선하네요,밖은 추워요,32
1224,전화했어요,잘 할 수 있어요!,5
1225,일본 가서 음식 파티 하고 싶어요,혼자 가면 확실히 늘어지는 거 있죠,18
1226,머리하러 언제 가요?,이번 주에는 꼭 가야 한다고 생각하고는 있어요,11
1227,아 몸이 너무 으슬으슬해요,헉  얼른 쉬세요,14
1228,내일은 아르바이트하는 날이에요,저도 다음 주만 참으면 월급이에요,16
1229,2020년 전에 가게 문 닫고 취직할 거예요,그전에 초대 좀 해줘요,24
1230,엎어져 넘어져서 무릎 다 까지고 바지에 구멍 났어요,"어떡해, 많이 다쳤어요? 꼭 씻고 약 발라요",28
1231,정말 좋아하는 가게가 새로 옮겨서 들렀는데 아쉬운 점이 보이면 꾹 참아요,"익명 메일이라도 보내 보시면 어때요? 좋은 뜻으로 한마디 하는 건데, 아니면 뭘 사들고 가서 말해봐요",40
1232,"헉 , 사신 신발 너무 예뻐요","같은 값으로 전 몸의 겉을 꾸미고, 은 몸의 속을 채우신 차이일 뿐이에요",16
1233,집에 커피 캡슐 시킬 때가 됐어요,"캡슐커피 처음 먹었을 때, 대체 물이 어디에 있어서 이 조그만 캡슐에서 이만큼이 나오지? 했었는데 나중에 직접 사고 나서 보니까 물통이 있었구나 깨달았어요",18
1234,투명 명함 일주일 걸리는 거 아니었어요?,"건 수를 다량으로 해본 적은 없지만, 5건 미만일 때 거의 3~5일 만에 왔어요",22
1235,뭐 먹을까 고민하다가 결국 오래간만에 간장 계란 볶음밥! 평소엔 귀찮아서 그냥 간장 참기름에 비벼 먹는데 진짜 오랜만이네요,아 도 계란이군요,68
1236,월요일부터 1200kcal 이하로 먹고 운동 30분씩 하고 그래야겠어요, 저 피티 받고 운동 중이니 가끔 물어보세요! 혼자 5kg까지 감량해봤는데 근육량이 적어서 근육 키우려고 피티 중이에요,39
1237,아아 오늘 후배랑 부딪혀서 날아갔는데 손목 엄청 아파요,헉 손목 괜찮으세요? ,30
1238,선풍기 왔어요,나 집에 와 있대요,7
1239,오구 언니 자취방 한 번 찾아가야 되는데요,이거 이제야 봤어요,23
1240,정말 예쁜 케이크 사 왔어요,헉 너무 예뻐요,15
1241,오늘 보드게임 사려다가 가격 생각보다 너무너무 비싸서 마음에 상처 입었어요,불독게임기요?,41
1242,알바 새로 시작했어요,무슨 알바예요?,11
1243,아 커피 한 잔만 더 마시고 싶어요,우리 가게 와요,19
1244,겟아웃 보고 왔어요,그거 어땠어요? 호불호가 좀 갈리던데요,10
1245,오늘 저녁은 제육볶음! 아까 반찬 가게에서 사 와서 그냥 구워서 먹으면 돼요,맛있게 드세요 !,42
1246,그냥 집에 있어도 이유 없이 향수 뿌리고 싶을 때가 있어요,뿌리면 돼요,32
1247,나 자취방 보면서 책상이 다 작아서 왜 이렇게 작아 내 책상 진짜 크다 이랬는데 엄마가 너 그거 책상이 아니라 4인용 식탁이야 이래서 엄청 웃었어요,미치겠어요,82
1248,"반팔, 반바지 입고 가야 하나요","반팔에 반바지 입고, 가디건이나 담요를 챙기는 건 어떨까요!",17
1249,"한국에 가게 됐어요, 9월! 기대돼요",오셔서 뭐 할 거예요?,20
1250,곧 일본으로 가요!,잘 다녀오세요! 어디로 가시나요?,10
1251,쑥절편 먹고 있는데 이 말 걸면 당황스러워요,저도 하나만 주세요,24
1252,이거 참고로 복수응답 안돼요,진짜요? 저 좀 많이 보냈는데 하나만 갔어요?,15
1254,이틀 아르바이트하는데 주말 동안 8시에 출근이라니요,"주말은 늦잠을 잘 수 있는 유일한 날인데, 힘내서 열심히 하고 와요",28
1255,헉 저 망고 과일은 처음 봐서 너무 신기해요,망고 까면 씨 보고 또 놀라실 거예요,24
1256,아빠가 사온 체리에요,맛있겠어요,11
1257,여기서 가부터 다는 아예 똑같은 메뉴인데 가격이 세 가지나 있어요,피자 선택 범위 같은 건요? ,36
1259,내일 팔 거 생겼어요,공책이랑 연필이요,11
1260,금요일에는 원래 뭐 먹어도 살 안 쪄요,이 감자과자 맛있나요? 저번에 사 먹으려다가 안 먹었어요,21
1261,오랜만에 엄마 가게 갔었는데 예쁜 꽃이 있었어요,헉 꽃이 너무 예뻐요,26
1262,"무릎에서 뚜둑 소리 나고 나서 아플 때는 차가운 게 좋을까요, 아니면 따뜻한 게 좋을까요?",으악 그럴 때는 근력운동? 아니면 온 찜질? 뚜둑은 어떻게 해야 하죠,50
1263,"밀가루 음식, 과자, 술, 가공식품, 유제품 안먹은 지 79일, 그 동안의 변화체중 감량 약 7kg, 얼굴피부 여드름 거의 사라지고 양쪽 피부 좋아졌어요",헉 그럼 평소에 어떤 거 드시면서 버티셨나요?,85
1264,어쩐지 우리 동네 아딸 간판이 갑자기 다른 떡볶이 가게 이름으로 바뀌었더라고요,갑자기 간판이 바뀐 케이스 중 제가 본 최고 걸작은 짬뽕의 전설이 짬뽕의 진실이 된 거였죠,43
1265,사진전 가게 되면 뭐 타고 가요?,기차 타고 가겠죠?,18
1266,내일 서울 도착해서 나중에 사면 되겠죠,엔간한 화장품 가게에 다 팔 거예요 아마!,21
1267,어서 아르바이트비 받고 싶어요,메모장에 쓰시는 게 가장 꾸준하실 거예요,16
1268,회사 근처 새로 생긴 초밥집의 활어회덮밥,저 밥 위쪽에 있는 건 메밀이에요?,22
1269,초콜릿 사서 가나슈 만들어 놓고 아침마다 크로아상에 발라 먹고 싶은데 가나슈 보관해도 되나요?,냉동보관으로 이틀이에요,52
1270,"맞아, 우리 일요일에 언제 만나요? ","헉 그러게, 몇 시에 만날래요? 나 그 날 10시 30분까지만 들어가면 돼서 여유 있어요!",20
1271,아무도 없는 집에 굳이 빨리 들어갈 이유가 없으니 잠시 어디 신나는 곳으로 놀러갈까 잠시 고민했다가 그냥 집에 가기로 했어요,오늘 날씨 좋던데요,69
1272,목감기에서 코감기로 넘어왔나봐요,약은 드셨나요,17
1273,근데 손목보호대 이거 그냥 아무거나 껴도 되는 거예요?,"디자인 보고, 가격 보고 따져보는 거죠",30
1274,플레이 엑스포 가요,오 올해도 하는군요,10
1275,종합 경기장 근처에 밥 먹을만한데 있어요? 편의점이라던가 그런데요,초계 국수 가게가 그 근처래요,36
1276,캡처 한다고 죽을 뻔했어요,생일 축하해요!!! 세상에서 가장 행복한 날 되세요!! ,14
1277,오늘 뭐 하고 놀아야 잘 놀까요,PlayX4요,17
1278,저 일단 지금 출근 중이에요,지금 너무 실감 안 가고 비몽사몽 하네요,15
1279,"아니요, 예뻐요!!",고마워요,10
1280,오늘 밥이나 음식 드실 분들 종합운동장 안에서 해결하려고 하시면 힘들어요,구 신천역이에요! 우리동네에요,40
1282,다해가요,다하시면 식사하시고 푹 쉬세요!! ,4
1283,대구 시내에서 갈 가게 추천 좀 해주세요,여기 맛 미쳤어요,22
1284, 제가 오늘 그 병아리에요,어디 있어요??,14
1285,저 짐이 왜 이렇게 많아요? 어디 피난 가요?,나도 그래요,25
1286,전부터 맛이 궁금해서 사봤어요,후기 좀 알려주세요,16
1287,혹시 어디 계세요??,저는 택시 타고 따로 가고 있어요! ,11
1288,서강대 앞에 맛있는 샌드위치 집 있나요?,서브웨이랑 이삭 토스트랑 무슨 핫도그 가게 있어요,22
1289,대학병원에 사랑니 발치 검사 왔어요,사랑니 발치 그까짓 거 별거 아니에요!!,19
1290,오사카에서 여긴 꼭 가야 한다 하는 곳 추천 좀 해주세요,도톤보리 가라오케관이요,31
1291,아무도 전시회 안 왔어요??,이제 일어났어요,15
1292,"부산에서 아주 유명한 덕천동에 있는 수제버거 가게, 육즙 살아있고 수제버거치고 가격도 저렴한 편이네요",여기 상호가 어떻게 되나요? ,56
1293,과제하는데 괜찮나요?,괜찮아요,11
1294,티켓 잃어버렸어요,어떡해요,9
1295,인천도 지하철 하나에요??,"인천 지하철 1호선, 2호선 있어요",14
1296,생각해봤는데 한국 1인분 양이 좀 많은 편인 것 같아요,맛없는 게 값싸고 양이 많아요,30
1297,핫도그 먹고 이디야 왔어요,맛있었겠네요! 저도 먹고 싶어요,14
1298,부산 오면 부산대학교역 가까이 있는 도야 돈가스집 가세요,가면 형이 사주는 거죠?,31
1299,"여름 향수 사야되는데 항상 고민하지만, 매번 같은 거 사게 되나 봐요",뭐 쓰시는데요? ,38
1300,오늘 저녁은 반찬가게 표 부대찌개에요,라면 수프 좀 더 넣으면 맛있어요,20
1301,엄마는 외계인 블라스트 캇쨩 주고 싶은데 기프티콘이 없어요,다른 거 말고 그걸로 주고 싶은데 출시된 지 얼마 안 돼서 기프티콘이 없어요!!,32
1302,어제는 서늘해서 일하다 도망가고 싶었는데 버스인데도 하늘색 예쁘네요,날씨 좋네요,37
1303,아침은 치킨 카레 먹고 잠시 휴식이에요,어디 쪽으로 가셨나요? ,21
1304,어제 결국 탈색 뿌리할 겸 다시 했는데 염색 못 하겠어요, 백발 미녀요!! 저도 옛날에 탈색한 적 있어요,31
1305,나 오늘 캐디 자체 휴일이에요,어디 아파요???? ,16
1306,청포도랑 블루베리 에이드 중에 뭐 먹을까요? ,청포도요! ,25
1307,병원 가요,어디 아파요?,5
1308,가장 중요한 건 가격인데 말이죠,"가격 77,000원 이래요",17
1309,다이소 신제품 얻었어요,플라밍고 너무 예뻐요,12
1310,얼마에요?,모르겠지만 일단 사려고요,5
1311,여러분 아이스크림 5개 먹으면 엄마가 눈치챌까요?,언니 도대체 몇 개를 먹는 거예요??,27
1312,편의점 보이면 바로 대왕 비타 오백 마실 거예요,언니 나 엄청 강력한 비타민 있어요!!!,26
1313,바다 포기요,언니 해운대를 옆 동네 가듯이 가네요,6
1314,손목 아파요,병원 갔어요?,6
1315,우리 먀니 꼬까옷 입혔어요,이쁘네요,14
1316,  안녕하세요 ! 혹시 이번에 신청할 때 부모님 공인인증서가 필요한 부분이 있었나요? ,이번이 첫 신청이시라면 필요하실 거예요! 가구원 동의에 가셔서 확인하실 수도 있고 기본적으로 1학기 때 신청하셨다면 아마 필요 없으실 거예요! ,48
1317,들 태블릿 추천 좀 해주세요,가격 어디까지 괜찮아요?,15
1318,렌즈 끼는 분들 여행 가서 어떡하나요? 아침부터 밤까지 밖에 있는데 그냥 계속 끼고 있나요?,전 거의 그러면 인공눈물 챙겨요,51
1319,이 집 부러워요,벌이 진짜 많이 오긴 해요,8
1320,정장 샀어요,난 정장 없어요,6
1321,여권 기간 5년인가요? 10년인가요? ,10년도 있어요,21
1322,일본여행 여행사로 가니까 진짜 편하긴 편했어요,직접 계획 짜고 교통비 계산하고 하는 게 재밌을 것 같은데 교통비 많이 들 것 같아요,25
1323,벨이 지금 잠실이에요??, 허리 다쳐서 아예 못 나가고 있어요,13
1324,혹시 언제쯤 팬 사인회 장소에 오세요?,지금 버스 타고 가고 있어요!! 도착하셨어요?,21
1325,오버 토끼도 봤고 언니가 뽑아줬어요, 안녕하세요! 혹시 어디서 뽑으신 것인지 여쭤봐도 되나요? 잘 뽑히는지도 덤으로 알려주세요,19
1326,내일 3차 경연 끝나고 카카오택시 그거 해서 택시 타고 갈 건데 안 위험하겠죠!,카카오택시 안전해요,44
1327,나는 내 몸에 밥이 맞나 면이 맞나 빵이 맞나 그런 것 좀 알고 싶어요,전 면을 제일 좋아해요,39
1328,"아, 좀 쉬니까 다시 일하기 싫어요",그런데 베란다 엄청 멋있어요!! 여름에 모기장치고 창문 열 면 천국일 거 같아요,19
1329, 나도 나갈까요?, 여기로 와요,9
1330,중성화를 시켜야 할까요?,중성화시키면 건강에도 좋고 수명도 늘어나요,13
1331,고디바라는 초콜릿 전문점에 왔어요!! 저 작은 초콜릿 1알에 3900원이래요!!,어떤 맛일지 먹어보고 싶네요!,44
1332,KTX 처음 타봤는데 생각보다 빠르지 않네요,그거 저 처음 탔을 때 그랬어요,24
1333,타르타르는 자몽 타르트가 최고에요!,자몽이에요,19
1334,겐로쿠 우동은 양이 무한 리필이라서 좋아요,비슷하게 아비꼬도 좋아요! 무한 리필이라서 맨날 치킨 세트 시켜놓고 카레 한 번 밥 한 번 리필 해요,23
1335,님 저녁먹었어요?,같이 먹어요,9
1336,머리 자랑하러 왔어요,그래도 진짜 예뻐요,11
1337,곤약젤리 사고 싶어요,전국에 팔아요! 다만 가격이 좀 비싸죠 현지보단,11
1338,귀여워요,기다려요,4
1339,식지도 않았는데 날름날름 집어 먹어버렸어요,빵인가요? 쿠키인가요?,23
1340,승모근에 튀어나온 점 너무너무 빼고 싶어요,"점은 개당 가격으로 쳐서 한 개도 해줄걸요! 근데 두꺼운 거, 깊은 거 그런 거는 여러 번 해야 하는 거로 알고 있어요",23
1341,혼자 먹으려고 시켰는데 꼬치가 5개나 왔어요,맛있겠어요!!,24
1342,집이에요!!!,생각보다 일찍 왔네요! 고생 많았어요,7
1343,과외 갔다 와서 4층 가고 다시 가고 오늘 이렇게 하면 내일은 널찍하니까요,유독 일정이 빡빡해진 토요일이네요,41
1344,살까 고민 중인 운동화들이에요,저 포니 민트색 저거 어제 보고 왔어요,16
1345,내일 몇 시에 만날까요?,우리 2시 영환가요?? 12시쯤 만나서 점심 먹을까요??,13
1346,재밌겠네요!!! 다들 즐거워 보여요,저도 삼겹살 좀 주세요,19
1347, 을 못 뵈었어요,내일은 언제 오시나요,9
1348,드디어 우리 가게가 독자적인 사업명을 가지게 되었어요,축하드려요!!,29
1349,너무 기뻐요,가게 독립은 위험하지 않아요?,6
1350,지금 쓸데없이 돈 쓰러 가는 길이에요,돈을 써버림으로 존재 증명하기네요,20
1351,"결국, 무서운 거 참고 불한당 보기로 했어요",당연히 실패하죠,24
1352,제 옆 자리분 왜 안오시죠?,안 오면 말해 줘요,15
1353,숙제하기 싫어서 탈주 중이에요,저도 탈주 중이에요,16
1354,한참 남았지만 10월에 일본 가는데 그때 구매대행 가능해요,  그때쯤 문의해도 될까요?,32
1355,"맞다, 이랑 알파 문구 가기로 했었어요",체력 아껴야 돼요,21
1356,"이번에 새로 나온 무민 우유에요!! 가격은 2,200원이라 쓰여 있길래 2,200원인 줄 알았는데 1,900원 주고 사 왔어요!! 피규어 귀엽네요",그거 신제품 나왔다고 할인하더라고요!! 지금 저는 이만큼 쌓였어요,81
1357,분홍이 사려다 옆에 있어서 산 리본,"이거 루어도 있어요!!! 리본은 안 어울리지만, 분홍은 꽤 애정 하는 물건이에요",19
1358,진돗개를 사랑하고 특별하다고 생각해요,진돗개는 잘생겨서 멍청 미도 있는데 반전매력이라서 헤어나올 수 없어요,20
1359,다들 잘 보고 와요,나도 가고 싶어요,10
1360,오늘 쉬림프링 먹었어요,새우 소금 구이도 드세요! ,12
1361,아직도 코코페이신 분 없을까요!!,왜요? 심심해요?,18
1362,역시 피자는 알볼로죠,저 혹시 맛 표현 좀 부탁드릴 수 있을까요? 꿈을 피자 알볼로,11
1363,카페 이쁘죠?,너무 이뻐요!!!,7
1364,유튜브에서 구매한 영화 다운로드하려면 유튜브 레드에 가입해야 하는군요,구글 플레이 무비랑 연동되지 않을까요?,38
1365,오늘도 동네 맛집을 털며 을 생각했어요,저도 가고파요,21
1366,밥버거를 먹을까요? 스파게티를 먹을까요?,가격이 각각 얼마에요?,22
1367,난 설빙 알바에요,녹차 설빙 너무 맛있어요,9
1368,여름이라 좋은 것은 겨울보다 꽃값이 싸다는 것이에요,아름다운 계절이네요,28
1369,아침 비행기인데 아침 못 먹고 출발하겠죠,공항에서 샌드위치 하나 사서 가지고 타요,22
1370,아빠가 그냥 맵고 맛있는 라면인 줄 알고 사온 핵 불닭볶음면 소스 반만 넣고 먹어볼게요,맛있겠네요,48
1371,강변 CGV 저기 가고 싶어요!,언니 강변 CGV 가게요?,17
1372,다들 방 탈출 카페 가실 때 미스터리 방 가세요,별 몇 개짜리까지 있어요?,26
1373,언니 혹시 케이크 수업 들을 때 컨설팅 과제 한 적 있어요?,컨설팅 과제요? 뭘 말하는 거죠?,33
1374,다이소에서 산 카드들이에요,너무 이뻐요,14
1375,닭곰국시 먹으러 왔어요!,후기는 언제나 환영이에요!,13
1376,내일 에버랜드 가요!!!,좋겠네요,13
1377,조심히 들어가고 오늘 즐거웠어요,언니 오늘 많이 피곤했을 텐데 푹 쉬고 조심히 들어가요,17
1378,생각보다 많네요,이거 슬러시보다 통이 탐나서 드셨죠?,8
1379,근데 텀블벅 후원 예를 들어 5만 원 후원하고 나중에 5만 원 더 후원 할 수 있는 건가요??? 항상 궁금했어요,후원을 마감 전까지 수정할 수 있어요! 3만 원에서 5만 원으로 바꾼다거나 선택은 그대로 두고 가격만 변동할 수 있어요!,62
1380,고기 시켰는데 아저씨가 상추쌈을 4봉지나 넣으셨어요, 채소 먹고 건강 해지시겠네요,28
1382, 응답해요,네?,5
1383,철판 아이스크림 또 먹고 싶어요,뭔 맛이에요 저거?,17
1384,"와, 갈비살 볶음 맛있어요",갈비살 볶음이라뇨,14
1385,나 머리 색 핑크 할 거예요!!!,핑크요? 완전 이쁠 거 같아요!!!,18
1386,월미도 너무 재미있어요, 어떤지 듣고 싶어요!,12
1387,가라아게 먹으면서 영화 봐요,와! 그거 최고죠,15
1388,홍대 맛집 추전 좀 해주세요,저 작년 팬 미팅 때 어디 갔더라 거기 진짜 맛있었어요,15
1389,그런데 귀 뚫으려면 어디서 뚫어야 하는 거죠? 아무것도 몰라서요,피어싱 가게나 귀금속점 이용하면 돼요,35
1390,이어폰 요즘에 얼마나 하죠?,가격대비 고성능은 쿼드비트 추천해요! 인터넷에 찾으면 나올 거예요! ,15
1391,동대문을 가봐야 될까요?  동대문이에요??,동대문 장난감 가게 다 뒤졌으나 없었어요,23
1392,지지난 주에 도리 오빠랑 아주대학교에서 빨간 망토 떡볶이 먹었는데 2주 만에 고기 뷔페로 바뀌었어요,진짜요?,55
1393,배터리 9퍼센트에요,누나 보조배터리 좀 하나 사요,10
1394,아르바이트 끝났어요!,무슨 아르바이트요?,11
1395,오늘 왜 이렇게 속이 안 좋고 어지럽죠,괜찮으세요??,21
1396,신전 김밥 맛있는데 너무 매워요,떡볶이는요?,17
1397,"이렇게 하면 쾌적하게 돌릴 수 있는 대신 85 정도 나올 거고 아쉽지만 그래픽을 1,050대로 낮추면 원하는 70대로 갈 수 있어요",CPU i5면 얼마 정도 더 들어요?,73
1398,"이렇게 하면 쾌적하게 돌릴 수 있는 대신 85 정도 나올거고 아쉽지만 그래픽을 1,050대로 낮추면 원하는 70대로 갈 수 있어요",CPU i5면 얼마 정도 더 들어요?,72
1399,스팸 튀김은 살면서 한 번은 드셔보셔야 해요!,가격은요?,25
1400,혹시 저랑 같이 홍대 수노래방 가셔서 애들 노래 전곡으로 싹 다 부르실 분 없나요? 우울해요,저 요즘에 노래방이 너무 가고 싶어요!,51
1401,청주 맛집 추천 좀 해주세요!,청주에 그런 거 없어요,16
1402,소고기 먹었어요,"소고기,  맛있어요?",8
1403,6월 13일 강변 CGV 3관 예매해야 해요,나는 학교 끝나고 가야겠어요,24
1404,진짜 재밌어요, 아직 계세요?,7
1405,기내 캐리어 잘못 싸서 마지막에 완전 헐레벌떡 이었는데 아무튼 무사히 다녀왔어요,다녀오셨어요?,44
1406,지수 언니 잘 지내고 있어요??,잘 지내죠! 방금 드디어 방 청소 다 끝냈어요,17
1407,밑에 가게 창고 근처에 나방 진짜 큰 거 있어요,진짜 크네요,26
1408,저녁 먹었는데 분명 왜 배고플까요?,소룡포 드실래요?,19
1409,요새 아크릴 개당 얼마에 팔죠?,크기에 따라 가격이 달라지는 거로 기억하는데  크기가 어느 정도에요?,17
1410,그런데 하나로 마트는 대형 마트 취급을 안 받는 건가요? 연중무휴로 운영하네요,국산 농산물을 90퍼센트인가 올려놓으면 그런 거 안 해도 된다고 하더라고요,43
1411,오늘 파리바게뜨 첫 출근이에요, 아르바이트하셔요? 예쁜  보러 빵을 좋아하는 제가 한번 찾아가서 빵을 쓸어와야 하나요!!,16
1412,아! 노래방 가고 싶어요,저도요!! ,13
1413,내일은 교화가요,"아무튼, 인천은 사랑이에요",8
1415, 그래서 우리 진짜 내일 보나요?,오라면 가야죠!,18
1416,패션 쪽으로 갈 줄 알고 가게는 어디에 낼까 생각하고 있던 내가 너무 바보 같아요,유학 다녀와서 아마도 활동할 거라고 봐요!! 기대해 보아요!!,45
1417,어제 홍대 마카롱 집 갔다가 마감 직전에 오늘도 갔어요,무슨 맛이에요 그거? 마카롱 먹고 싶어요,30
1418,좋은 하루 보냈어요? 오늘 주말이잖아요,닌 집에 있었어요,21
1419,아 그리고 여름에 가는 연수 때 오사카에서 자유 시간 있대요,저 쉬는 날 최대한 맞춰서 오시면 회전 초밥이라도 대접해드릴게요,33
1420,렌즈 빼다가 눈 꼬집었어요,괜찮으세요? 글만 읽었는데도 아파요,14
1421,날씨 좋네요,혹시 밖에서 주무시나요?,6
1422,버스 왜 안와요,또 영원히 집 가요?,8
1423,오늘 날씨 너무 좋았죠,그 와중에 언니 손톱 너무 예뻐요,12
1424,이어폰도 좀 좋은 거로 바꿔보고 싶긴 한데 4년간 쓴 피스톤2가 아직도 너무 멀쩡하고 일단 돈이 부족하네요,피스톤2면 가성비로 평균 이상의 수준 이긴 하죠,59
1425,"아, 계속 그 원피스 눈에 밟혀요",못 샀어요?,18
1426,"참 별일을 다 겪었던 곳, 항상 그만두고 싶었는데 마지막 출근이라 그런지 아쉽네요",저도 놀러 가보고 싶었는데 아쉬워요,45
1427, 짧지만 반가웠어요,저도요!!  반가웠어요,10
1428,내일 뭐 해요?,뭐 할까요? 내일 4시엔 집에 와야 할 것 같아요,8
1429,놀이동산 가요!! 놀이동산 타이밍은 지금이에요,"우와, 내일 가는 거예요?",25
1430,"아, 곤약젤리 먹고 싶어요",세계과자점 가면 팔아요!! ,14
1431,근데 로또 같은 거 어떻게 하는 거예요? 한 번도 해본 적이 없어서요,"로또 가게 가서 5,000원 자동이요 하면 한 장 뽑아줘요",38
1432,오늘 이거 코르셋 입을까 말까 고민했는데 그냥 입을 걸 그랬어요,예뻐요! ,35
1433,막차 끊겼어요,택시비 있으세요?,7
1434,명아 나 결혼식 갔다 지금 왔어요!,결혼식 갔다 왔군요! 잘 갔다 왔어요?,19
1435,저 오늘 타로 봤는데 대박 신기했어요,뭐래요?,20
1436,혹시 혼자 노래방 가면 진짜 민망한가요?, 아무도 신경 안 써요,22
1437,토끼 살까요? 사야만 하는 걸까요?,토끼요? 토끼 귀랑 꼬리요?,19
1438,벌써 일요일이네요,토요일 재밌게 보냈어요?,9
1439,어둑어둑하네요, 벌써 이렇게 빨리 토요일이 끝나버렸어요,7
1440,이번엔 전문점에서 헤나를 받아보았어요,"오, 헤나! 받을 때 어땠어요?",20
1441,지금 진짜 엄살이 아니고 몸살 났는데 장거리 마라톤 뛰고 일주일째 잠 안 잔 기분이에요,어떡해요,48
1442, 피시방 가격 비싸네요,얼마에요?,12
1443,픽밈 왜 이렇게 오랜만이에요? 보고 싶었어요,저 오늘 경주에서 놀았어요,24
1444,저는 마카롱 만들고 싶어요,어떻게 만드나요? 날 좋을 때 만들어야 하지 않나요?,14
1447,우리 엄마와도 전화 1분을 안 넘기는데 잘 쉬고 내일 출근도 파이팅 하세요,"저녁, 출근 시작과 끝을 함께했어요",41
1448,합정에 온초밥 하는 곳이 있는데 이 일대에서 먹어본 초밥 중에 제일 맛있어요,혹시 합정역 5번 출구 쪽에 있는 요요스시 인가요? 2층에?,42
1449,댄스연습 7시간 하니까 다리가 욕하는 지 부들 부들 떨려요,체력이 대단하네요!,32
1450,회가 최고예요,알로언니 나도 데려가줘요,7
1451,내일 서울 떠나네요,"이 내려오시는 건 반갑지만, 서울 떠나신다니요",10
1452,가나슈 케이크 먹고 싶어요,가나슈 케이크가 뭐예요?,14
1453,죽을 거 같아요,속 뒤집혔어요?,8
1454,랍스터 롤!,우리 커리말고 랍스터 롤 먹으러 갈까요?,6
1455,오늘 몇 시에 만날까요?,저 교회 간다 하고 나와야 해서 10시 반쯤에 출발할 건데 거기 도착하면 11시 반 좀 넘을 거 같아요,13
1456,포인터 리모컨을 구매할까 말까 고민 중이에요,빌리는 건 선택지에 없나요?,24
1457,동네에 서브웨이가 생겨요! 신의 축복이에요!,한 번도 먹어본 적 없어요,24
1458,날이 갈수록 살이 찌고 빼기는 귀찮아요,엇! 저랑 통하시네요,21
1459,다들 좋은 밤 되세요,좋은 꿈 꾸세요,11
1460,마음가짐이 무너지니까 아무 일도 하기 싫어요, 휴가를 9월 추석 전과 10월 추석 후 다낭 비행기 표 가격 비교하니 6월 제주항공이 타 저가항공보다 30만 원 이상 싸서 다낭 예약했네요,24
1461,"하, 진짜 나 무슨 생각으로 그랬을까요",왜 티켓을 넘겼나요,21
1462,요즘 학교랑 집만 왔다 갔다 하는데 나의 협소한 인간관계를 느끼는 중이에요,나랑 좀 만나줘요,41
1463, 제가 이 팔찌를 본 이후로 아무리 잊으려고 애를 써봐도 도저히 잊히질 않아요, 당연히 가능하죠! 그런데 제가 요즘 학기 말이라 조금 시간이 걸려도 괜찮을까요?,43
1464,너무 귀여워요,감사해요,7
1465, 전시회 진짜 가고 싶어요,헤헤 나 그거 가요,14
1466,이어폰 못 찾아서 동생 꺼 빌려 쓰는데 음질이 장난 없네요,쿼드비트면 대박이에요,32
1467,누군가 붙임머리에 대해서 말해줬으면 좋겠어요, 궁금한 거 있으신가요? 저 붙임머리하고 있는 중이에요,24
1468,오늘 옷 사러 갈 거예요,오늘 옷 사러 가는군요!,13
1469, 최고 예뻐요,"우와, 정말요? 과제하기 싫어서 계속 갤러리 보고 있어요",7
1470,졸지에 클럽이에요,언니 내일 괜찮겠어요?,9
1471,광주 가서 알라랑  보고 싶어요,나도요!!!,17
1472,자퇴하면 시간이 너무 널널하고 눈치 안 봐도 되고 사회 간접 체험할 경험 엄청 늘어나요,단점은 헤맬 수 있어요,48
1473,떡 먹고 싶어요,"백설기, 가래떡, 시루떡, 꿀 송편, 절편이요",8
1474,붙임머리 얼마죠?,나랑 같이 하러 가요,9
1475,집 가서 그림 그릴래요,밖이었어요?,12
1476,항상 고마워요,오늘도 고생 많았어요!! 우리는 다음번에 꼭 다시 봐요,7
1477,그러니 점검을 받으러 가시죠,조립 PC가 싸긴 한데 브랜드는 이런 서비스가 있으니까 좀 고민되더군요,15
1478,이 사는 광주광역시에 오세요, 기아 직관 가려는데 경기장 맛있는 거 많이 파나요?,15
1479,그리고  오늘 이모 소리 너무 많이 들어서 우울해져 버렸어요,예쁜 언니 아메리카노 너무 맛있어요,33
1480,"사용 중인 아이폰5용의 휴대용배터리를 하나 살까 하는데 샤오미 5,000과 10,000mAh의 가격 차가 크지 않네요",가방에 넣고 다녀요,65
1481,인천 차이나타운 어떤가요? 좋나요?,저 딱 한 번 가봤는데 별로 기억에 남는 건 없어요,19
1482,현기증 심한 건 아니더래도 하루에 몇 번씩 많이 나면 안 좋은 거 아닌가요? 나 정말 자주 나요,하루에 몇 번씩이면 자주 그러신다는 거잖아요,53
1483,일단 취직하면 게임부터 다사고 일본 날아 갈 거예요,같이 날아가요,28
1484,피시방 이 날 직원쯤으로 생각하시는지 자꾸 새벽에 나 오면 자리 비우고 위에 집 가서 주무셔요, 강제 직원 되신 거예요?,52
1485,애인이랑 일본 여행가거든 우리가 머물 곳에서 가장 가깝기로 유명한 가게에서 라멘을 먹고 그 지역 명소인 편의점에 들러 맥주랑 각종 디저트를 사고 산지에서 갓 만든 구름도 보고 편안하기로 소문난 침대에 누워 로직을 풀다 까무룩 잠들고 싶어요,나 좀 끌고 가줄래요?,133
1486,배고파서 마트에서 산 조그마한 과일 1팩 먹었는데 진짜 맛있어요,"쥬씨에 1,500원에 과일 든 것도 있어요",35
1487,집에 가고 싶어요,퇴근 아직도 못하셨는지요,9
1488,어제 맡아보고 오늘 와서 산 새 향수,오!! 녹차 나무는 어떤 향일지 궁금하네요!!,20
1489,이제 곧 여름인데 맥이랑 같이 빙수 먹으러 가고 싶어요!,나도! 나 빙수 진짜 좋아해요!! 이랑 같이 가면 빙수 두 개 시켜서 하나씩 먹어요!!,31
1490,다자이상 좋은 아침이에요!!,좋은 아침이에요! 은 부지런하군요!,15
1491,여러분 좋은 아침이에요! ,좋은 아침이에요,14
1492,귀찮은 아침이에요,좋은 아침이에요,9
1493,자고 싶어요,밤새우신 거에요?,6
1494,"아, 3일 연속으로 길 걷다가 발목 꺾였는데 아파요",그거 빨리 병원 가서 치료받아야 해요!! 안 그러면 2달 넘게 아파요! 삔 발목은 계속 삐기 쉽다고 하더라고요,28
1495,화요일은 무조건 병원 가는 거로 해야겠어요,눈물 날만큼 아프시다뇨,23
1496,나 6월 10일부터 서울 가는 데 너무 좋아요!! 숙소도 잡았고 기차표도 예매했어요!!,서울 가요? 왜요?,48
1497,해나 하고 싶어요,해봐요!,9
1498,베란다 청소하다가 허리 삐끗했어요,괜찮아요?,18
1499,어질어질 내일 출근 망했어요,몸살이신가요?,15
1500,나 진짜 바본가봐요,기부 천사네요! 근데 지하철 타려면 옆 동네까지 가셔야 해요?,10
1501,어제 도도 언니가 생일선물이라고 상자 같은 걸 줬는데 디바 마우스 라뇨!!,비싼 거잖아요,41
1502,차라리 에코백이랑 액자를 살 걸 그랬어요,왜 뭐 샀는데요?,22
1503,누마즈에서 우치우라 가는 시내버스 얼마에요?,비싸서 아와시마 마린 팩이나 미토시 팩 사는 게 이득인 것 같아요,24
1504,왜 이렇게 안 구워질까요? 세계 일주 하고 와도 구워지고 있을 듯하네요,뭐 만드세요?? ,39
1505,저 성곡중학교인데 뭐 하고 있어요?,저 밥 먹고 코 파고 있어요,19
1506,아마존 도서도 직배송되던가요?,되는 건 되는데 책 종류 운송료 꽤 나올걸요,16
1507,다음주 일요일은 부산을 가게 되는 일은 없겠죠?,그건 안돼요,26
1508,55cm 육회 초밥 비주얼 장난 아니에요,!! 이거 맛 어때요?,22
1509, 환불해주세요, 그 와중에 가격 너무 비싸요,7
1510,주말에 멋 내고 좋은 곳 가서 밥 먹곤 했었는데 요즘에는 어디 잘 안 나가게 되네요,애들은 그냥 집 앞 놀이터에서도 잘 놀고 큰 애는 밥도 아무거나 잘 먹고 둘째는 다 안 먹으니 남편이 연남동 가자고 하면 말만 들어도 피곤하네요,46
1511,제발 드림콘서트 티켓 양도 받고 싶어요,N-P구역 42열 한 자리 양도받으시나요? ,21
1512,내 머릿속에 있는 여행 일정에 맞는 가장 합리적인 숙소를 알아서 찾아서 예약해주는 그런 게 필요해요,날 두고 또 어디 가려고요?,55
1513,"아, 가게가 너무 한가한데요?",내가 가면 되는 건가요?,16
1514,천천히 가려고 했는데 역시 콘서트는 좀 일찍 가줘야죠,몇 시에 가실 거예요?,29
1515,당일에도 가격 안 내리는 것 좀 봐요,"와, 저거 백만 원 맞죠? ",20
1516,라면이 너무 먹고 싶어서 혼자 먹으러 갔는데 가게 주인이 진짜 친절하게 구석자리도 마련해주고 바깥까지 인사도 해줬어요,혼자 밥 먹으면 좀 눈치 보이는데 친절한 곳이네요,65
1517,화요일에도 산부인과 가야 하는데 가기 싫네요,산부인과 언제까지 다니시는 거예요? ,24
1518,일본에서 살 생각하니까 상상이 안가요,일본가세요?,20
1519, 점퍼는 가격이 어느 정도 하나요? ,아마 30000원 정도 되지 않을까 싶네요,20
1520,그런 걸 뭐라 그러죠? 품이 큰 반팔인데 반팔 라인이 팔꿈치 정도까지 오는 티셔츠요,"일단 오버핏 반팔이고, 팔이 팔꿈치까지 오면 5부 정도로 생각하면 돼요",46
1521,오늘은 계획을 바꿔서 박람회 갔다가 친구 가게 들러서 에그타르트를 먹을 거예요,갔다 와서 후기 남겨주세요,43
1522,"아니, 한줌이잖아요?","와, 초코송이 진짜 저래요? ",11
1523,kbs홀이랑 여의도 신관이랑 같은 곳에 있나요? 다른 곳인가요? 서울 지리를 몰라요,둘이 안에서 이어져있어요,46
1524,밀크셰이크 마시고 싶어요,저도 시원한 밀크셰이크 먹고 싶네요,13
1525,애드벌룬에 수소 채우는 거 불법 같은데요?  ,헬륨 넣어야 하는데 비싸서 수소 넣는 곳도 있어요,25
1526,애드벌룬 헬륨 넣는 거라는데 몇몇 업체는 가격 낮추려고 수소 넣는다고 하네요,수소에요,42
1527,영화의 흥행신화야 어찌 됐든 POTC 의 OST인 He's A Pirate 은 해리포터 배경음악 버금가게 유명한 오케스트라판 영화 OST 아닌가 싶어요,내 기억상 캐리비안 시리즈의 첫 편을 십대 때 함께 했던 사람들은 자신의 학교에 있는 관현악부나 밴드부 등에서 He's A Pirate 을 연주하는 걸 봤을 거고 다른 노래는 몰라도 이 노래가 나오면 다들 환호했어요,84
1528,안 더우신가 사람들 다 옷을 두껍게 입으신 것 같아요,어디세요?,29
1529,욜로는 왜 갑자기 유행어가 되었는지 민망스러워요,무한도전에서 나왔거든요,26
1530,옥동식 인테리어 마음에 들어요,설거지하는 초보 막내에게 주 5일 하루 10시간 근무에 120만원 전후로 주면 현실적으로 나쁘지 않다는 생각도 들죠,16
1531,가게 인테리어가 예쁘네요,드라이플라워네요,13
1532,식중독 조심하세요,식중독 걸렸어요?,9
1533,좋은 아파트에 살려는 걸 무슨 욕망의 노예로 보는 사람들이 종종 있어요,개인적으로 주차공간이 주택이나 빌라에 비하면 많다는 점에서도 아파트를 희망하는 편이죠,39
